OxLPC,[M+C2H3O2]-,NL_CH3&C2H3O2,NL_choline&C2H3O2,NL_R1CO&CH3&C2H3O2,NL_R1COOH&CH3&HCO2,Phosphocholine_NL_CH3,Glycerol-3-phosphate_NL_H2O,R1COO-,H2PO4-,PO3-
OxLPC(3:0(CHO))+C2H3O2,386.122225,312.085425,241.011925,242.0799,224.0693,168.0431,152.9958,87.00878,96.9696,78.9591
OxLPC(4:0(CHO))+C2H3O2,400.137875,326.101075,255.027575,242.0799,224.0693,168.0431,152.9958,101.02443,96.9696,78.9591
OxLPC(5:0(CHO))+C2H3O2,414.153525,340.116725,269.043225,242.0799,224.0693,168.0431,152.9958,115.04008,96.9696,78.9591
OxLPC(6:0(CHO))+C2H3O2,428.169175,354.132375,283.058875,242.0799,224.0693,168.0431,152.9958,129.05573,96.9696,78.9591
OxLPC(7:0(CHO))+C2H3O2,442.184825,368.148025,297.074525,242.0799,224.0693,168.0431,152.9958,143.07138,96.9696,78.9591
OxLPC(8:0(CHO))+C2H3O2,456.200475,382.163675,311.090175,242.0799,224.0693,168.0431,152.9958,157.08703,96.9696,78.9591
OxLPC(9:0(CHO))+C2H3O2,470.216125,396.179325,325.105825,242.0799,224.0693,168.0431,152.9958,171.10268,96.9696,78.9591
OxLPC(10:0(CHO))+C2H3O2,484.231775,410.194975,339.121475,242.0799,224.0693,168.0431,152.9958,185.11833,96.9696,78.9591
OxLPC(11:0(CHO))+C2H3O2,498.247425,424.210625,353.137125,242.0799,224.0693,168.0431,152.9958,199.13398,96.9696,78.9591
OxLPC(12:0(CHO))+C2H3O2,512.263075,438.226275,367.152775,242.0799,224.0693,168.0431,152.9958,213.14963,96.9696,78.9591
OxLPC(13:0(CHO))+C2H3O2,526.278725,452.241925,381.168425,242.0799,224.0693,168.0431,152.9958,227.16528,96.9696,78.9591
OxLPC(14:0(CHO))+C2H3O2,540.294375,466.257575,395.184075,242.0799,224.0693,168.0431,152.9958,241.18093,96.9696,78.9591
OxLPC(15:0(CHO))+C2H3O2,554.310025,480.273225,409.199725,242.0799,224.0693,168.0431,152.9958,255.19658,96.9696,78.9591
OxLPC(6:1(CHO))+C2H3O2,426.153535,352.116735,281.043235,242.0799,224.0693,168.0431,152.9958,127.04009,96.9696,78.9591
OxLPC(7:1(CHO))+C2H3O2,440.169185,366.132385,295.058885,242.0799,224.0693,168.0431,152.9958,141.05574,96.9696,78.9591
OxLPC(8:1(CHO))+C2H3O2,454.184835,380.148035,309.074535,242.0799,224.0693,168.0431,152.9958,155.07139,96.9696,78.9591
OxLPC(9:1(CHO))+C2H3O2,468.200485,394.163685,323.090185,242.0799,224.0693,168.0431,152.9958,169.08704,96.9696,78.9591
OxLPC(9:2(CHO))+C2H3O2,466.184835,392.148035,321.074535,242.0799,224.0693,168.0431,152.9958,167.07139,96.9696,78.9591
OxLPC(10:1(CHO))+C2H3O2,482.216135,408.179335,337.105835,242.0799,224.0693,168.0431,152.9958,183.10269,96.9696,78.9591
OxLPC(10:2(CHO))+C2H3O2,480.200485,406.163685,335.090185,242.0799,224.0693,168.0431,152.9958,181.08704,96.9696,78.9591
OxLPC(11:1(CHO))+C2H3O2,496.231785,422.194985,351.121485,242.0799,224.0693,168.0431,152.9958,197.11834,96.9696,78.9591
OxLPC(11:2(CHO))+C2H3O2,494.216135,420.179335,349.105835,242.0799,224.0693,168.0431,152.9958,195.10269,96.9696,78.9591
OxLPC(12:1(CHO))+C2H3O2,510.247435,436.210635,365.137135,242.0799,224.0693,168.0431,152.9958,211.13399,96.9696,78.9591
OxLPC(12:2(CHO))+C2H3O2,508.231785,434.194985,363.121485,242.0799,224.0693,168.0431,152.9958,209.11834,96.9696,78.9591
OxLPC(12:3(CHO))+C2H3O2,506.216135,432.179335,361.105835,242.0799,224.0693,168.0431,152.9958,207.10269,96.9696,78.9591
OxLPC(13:1(CHO))+C2H3O2,524.263085,450.226285,379.152785,242.0799,224.0693,168.0431,152.9958,225.14964,96.9696,78.9591
OxLPC(13:2(CHO))+C2H3O2,522.247435,448.210635,377.137135,242.0799,224.0693,168.0431,152.9958,223.13399,96.9696,78.9591
OxLPC(13:3(CHO))+C2H3O2,520.231785,446.194985,375.121485,242.0799,224.0693,168.0431,152.9958,221.11834,96.9696,78.9591
OxLPC(14:1(CHO))+C2H3O2,538.278735,464.241935,393.168435,242.0799,224.0693,168.0431,152.9958,239.16529,96.9696,78.9591
OxLPC(14:2(CHO))+C2H3O2,536.263085,462.226285,391.152785,242.0799,224.0693,168.0431,152.9958,237.14964,96.9696,78.9591
OxLPC(14:3(CHO))+C2H3O2,534.247435,460.210635,389.137135,242.0799,224.0693,168.0431,152.9958,235.13399,96.9696,78.9591
OxLPC(15:1(CHO))+C2H3O2,552.294385,478.257585,407.184085,242.0799,224.0693,168.0431,152.9958,253.18094,96.9696,78.9591
OxLPC(15:2(CHO))+C2H3O2,550.278735,476.241935,405.168435,242.0799,224.0693,168.0431,152.9958,251.16529,96.9696,78.9591
OxLPC(15:3(CHO))+C2H3O2,548.263085,474.226285,403.152785,242.0799,224.0693,168.0431,152.9958,249.14964,96.9696,78.9591
OxLPC(15:4(CHO))+C2H3O2,546.247435,472.210635,401.137135,242.0799,224.0693,168.0431,152.9958,247.13399,96.9696,78.9591
OxLPC(16:1(CHO))+C2H3O2,566.310035,492.273235,421.199735,242.0799,224.0693,168.0431,152.9958,267.19659,96.9696,78.9591
OxLPC(16:2(CHO))+C2H3O2,564.294385,490.257585,419.184085,242.0799,224.0693,168.0431,152.9958,265.18094,96.9696,78.9591
OxLPC(16:3(CHO))+C2H3O2,562.278735,488.241935,417.168435,242.0799,224.0693,168.0431,152.9958,263.16529,96.9696,78.9591
OxLPC(16:4(CHO))+C2H3O2,560.263085,486.226285,415.152785,242.0799,224.0693,168.0431,152.9958,261.14964,96.9696,78.9591
OxLPC(17:4(CHO))+C2H3O2,574.278735,500.241935,429.168435,242.0799,224.0693,168.0431,152.9958,275.16529,96.9696,78.9591
OxLPC(18:4(CHO))+C2H3O2,588.294385,514.257585,443.184085,242.0799,224.0693,168.0431,152.9958,289.18094,96.9696,78.9591
OxLPC(18:5(CHO))+C2H3O2,586.278735,512.241935,441.168435,242.0799,224.0693,168.0431,152.9958,287.16529,96.9696,78.9591
OxLPC(19:4(CHO))+C2H3O2,602.310035,528.273235,457.199735,242.0799,224.0693,168.0431,152.9958,303.19659,96.9696,78.9591
OxLPC(19:5(CHO))+C2H3O2,600.294385,526.257585,455.184085,242.0799,224.0693,168.0431,152.9958,301.18094,96.9696,78.9591
OxLPC(3:0(COOH))+C2H3O2,402.117145,328.080345,257.006845,242.0799,224.0693,168.0431,152.9958,103.0037,96.9696,78.9591
OxLPC(4:0(COOH))+C2H3O2,416.132795,342.095995,271.022495,242.0799,224.0693,168.0431,152.9958,117.01935,96.9696,78.9591
OxLPC(5:0(COOH))+C2H3O2,430.148445,356.111645,285.038145,242.0799,224.0693,168.0431,152.9958,131.035,96.9696,78.9591
OxLPC(6:0(COOH))+C2H3O2,444.164095,370.127295,299.053795,242.0799,224.0693,168.0431,152.9958,145.05065,96.9696,78.9591
OxLPC(7:0(COOH))+C2H3O2,458.179745,384.142945,313.069445,242.0799,224.0693,168.0431,152.9958,159.0663,96.9696,78.9591
OxLPC(8:0(COOH))+C2H3O2,472.195395,398.158595,327.085095,242.0799,224.0693,168.0431,152.9958,173.08195,96.9696,78.9591
OxLPC(9:0(COOH))+C2H3O2,486.211045,412.174245,341.100745,242.0799,224.0693,168.0431,152.9958,187.0976,96.9696,78.9591
OxLPC(10:0(COOH))+C2H3O2,500.226695,426.189895,355.116395,242.0799,224.0693,168.0431,152.9958,201.11325,96.9696,78.9591
OxLPC(11:0(COOH))+C2H3O2,514.242345,440.205545,369.132045,242.0799,224.0693,168.0431,152.9958,215.1289,96.9696,78.9591
OxLPC(12:0(COOH))+C2H3O2,528.257995,454.221195,383.147695,242.0799,224.0693,168.0431,152.9958,229.14455,96.9696,78.9591
OxLPC(13:0(COOH))+C2H3O2,542.273645,468.236845,397.163345,242.0799,224.0693,168.0431,152.9958,243.1602,96.9696,78.9591
OxLPC(14:0(COOH))+C2H3O2,556.289295,482.252495,411.178995,242.0799,224.0693,168.0431,152.9958,257.17585,96.9696,78.9591
OxLPC(15:0(COOH))+C2H3O2,570.304945,496.268145,425.194645,242.0799,224.0693,168.0431,152.9958,271.1915,96.9696,78.9591
OxLPC(6:1(COOH))+C2H3O2,442.148455,368.111655,297.038155,242.0799,224.0693,168.0431,152.9958,143.03501,96.9696,78.9591
OxLPC(7:1(COOH))+C2H3O2,456.164105,382.127305,311.053805,242.0799,224.0693,168.0431,152.9958,157.05066,96.9696,78.9591
OxLPC(8:1(COOH))+C2H3O2,470.179755,396.142955,325.069455,242.0799,224.0693,168.0431,152.9958,171.06631,96.9696,78.9591
OxLPC(9:1(COOH))+C2H3O2,484.195405,410.158605,339.085105,242.0799,224.0693,168.0431,152.9958,185.08196,96.9696,78.9591
OxLPC(9:2(COOH))+C2H3O2,482.179755,408.142955,337.069455,242.0799,224.0693,168.0431,152.9958,183.06631,96.9696,78.9591
OxLPC(10:1(COOH))+C2H3O2,498.211055,424.174255,353.100755,242.0799,224.0693,168.0431,152.9958,199.09761,96.9696,78.9591
OxLPC(10:2(COOH))+C2H3O2,496.195405,422.158605,351.085105,242.0799,224.0693,168.0431,152.9958,197.08196,96.9696,78.9591
OxLPC(11:1(COOH))+C2H3O2,512.226705,438.189905,367.116405,242.0799,224.0693,168.0431,152.9958,213.11326,96.9696,78.9591
OxLPC(11:2(COOH))+C2H3O2,510.211055,436.174255,365.100755,242.0799,224.0693,168.0431,152.9958,211.09761,96.9696,78.9591
OxLPC(12:1(COOH))+C2H3O2,526.242355,452.205555,381.132055,242.0799,224.0693,168.0431,152.9958,227.12891,96.9696,78.9591
OxLPC(12:2(COOH))+C2H3O2,524.226705,450.189905,379.116405,242.0799,224.0693,168.0431,152.9958,225.11326,96.9696,78.9591
OxLPC(12:3(COOH))+C2H3O2,522.211055,448.174255,377.100755,242.0799,224.0693,168.0431,152.9958,223.09761,96.9696,78.9591
OxLPC(13:1(COOH))+C2H3O2,540.258005,466.221205,395.147705,242.0799,224.0693,168.0431,152.9958,241.14456,96.9696,78.9591
OxLPC(13:2(COOH))+C2H3O2,538.242355,464.205555,393.132055,242.0799,224.0693,168.0431,152.9958,239.12891,96.9696,78.9591
OxLPC(13:3(COOH))+C2H3O2,536.226705,462.189905,391.116405,242.0799,224.0693,168.0431,152.9958,237.11326,96.9696,78.9591
OxLPC(14:1(COOH))+C2H3O2,554.273655,480.236855,409.163355,242.0799,224.0693,168.0431,152.9958,255.16021,96.9696,78.9591
OxLPC(14:2(COOH))+C2H3O2,552.258005,478.221205,407.147705,242.0799,224.0693,168.0431,152.9958,253.14456,96.9696,78.9591
OxLPC(14:3(COOH))+C2H3O2,550.242355,476.205555,405.132055,242.0799,224.0693,168.0431,152.9958,251.12891,96.9696,78.9591
OxLPC(15:1(COOH))+C2H3O2,568.289305,494.252505,423.179005,242.0799,224.0693,168.0431,152.9958,269.17586,96.9696,78.9591
OxLPC(15:2(COOH))+C2H3O2,566.273655,492.236855,421.163355,242.0799,224.0693,168.0431,152.9958,267.16021,96.9696,78.9591
OxLPC(15:3(COOH))+C2H3O2,564.258005,490.221205,419.147705,242.0799,224.0693,168.0431,152.9958,265.14456,96.9696,78.9591
OxLPC(15:4(COOH))+C2H3O2,562.242355,488.205555,417.132055,242.0799,224.0693,168.0431,152.9958,263.12891,96.9696,78.9591
OxLPC(16:1(COOH))+C2H3O2,582.304955,508.268155,437.194655,242.0799,224.0693,168.0431,152.9958,283.19151,96.9696,78.9591
OxLPC(16:2(COOH))+C2H3O2,580.289305,506.252505,435.179005,242.0799,224.0693,168.0431,152.9958,281.17586,96.9696,78.9591
OxLPC(16:3(COOH))+C2H3O2,578.273655,504.236855,433.163355,242.0799,224.0693,168.0431,152.9958,279.16021,96.9696,78.9591
OxLPC(16:4(COOH))+C2H3O2,576.258005,502.221205,431.147705,242.0799,224.0693,168.0431,152.9958,277.14456,96.9696,78.9591
OxLPC(17:4(COOH))+C2H3O2,590.273655,516.236855,445.163355,242.0799,224.0693,168.0431,152.9958,291.16021,96.9696,78.9591
OxLPC(18:4(COOH))+C2H3O2,604.289305,530.252505,459.179005,242.0799,224.0693,168.0431,152.9958,305.17586,96.9696,78.9591
OxLPC(18:5(COOH))+C2H3O2,602.273655,528.236855,457.163355,242.0799,224.0693,168.0431,152.9958,303.16021,96.9696,78.9591
OxLPC(19:4(COOH))+C2H3O2,618.304955,544.268155,473.194655,242.0799,224.0693,168.0431,152.9958,319.19151,96.9696,78.9591
OxLPC(19:5(COOH))+C2H3O2,616.289305,542.252505,471.179005,242.0799,224.0693,168.0431,152.9958,317.17586,96.9696,78.9591
OxLPC(20:4(Ke))+C2H3O2,616.325675,542.288875,471.215375,242.0799,224.0693,168.0431,152.9958,317.21223,96.9696,78.9591
OxLPC(20:4(OOH))+C2H3O2,634.336255,560.299455,489.225955,242.0799,224.0693,168.0431,152.9958,335.22281,96.9696,78.9591
OxLPC(20:4(OH))+C2H3O2,618.341335,544.304535,473.231035,242.0799,224.0693,168.0431,152.9958,319.22789,96.9696,78.9591
OxLPC(18:2(OOH))+C2H3O2,610.336255,536.299455,465.225955,242.0799,224.0693,168.0431,152.9958,311.22281,96.9696,78.9591
OxLPC(18:2(OH))+C2H3O2,594.341335,520.304535,449.231035,242.0799,224.0693,168.0431,152.9958,295.22789,96.9696,78.9591
OxLPC(14:1(OH))+C2H3O2,540.294415,466.257615,395.184115,242.0799,224.0693,168.0431,152.9958,241.18097,96.9696,78.9591
OxLPC(15:1(OH))+C2H3O2,554.310015,480.273215,409.199715,242.0799,224.0693,168.0431,152.9958,255.19657,96.9696,78.9591
OxLPC(16:1(OH))+C2H3O2,568.325715,494.288915,423.215415,242.0799,224.0693,168.0431,152.9958,269.21227,96.9696,78.9591
OxLPC(17:1(OH))+C2H3O2,582.341315,508.304515,437.231015,242.0799,224.0693,168.0431,152.9958,283.22787,96.9696,78.9591
OxLPC(17:2(OH))+C2H3O2,580.325715,506.288915,435.215415,242.0799,224.0693,168.0431,152.9958,281.21227,96.9696,78.9591
OxLPC(18:1(OH))+C2H3O2,596.357015,522.320215,451.246715,242.0799,224.0693,168.0431,152.9958,297.24357,96.9696,78.9591
OxLPC(18:3(OH))+C2H3O2,592.325715,518.288915,447.215415,242.0799,224.0693,168.0431,152.9958,293.21227,96.9696,78.9591
OxLPC(18:4(OH))+C2H3O2,590.310015,516.273215,445.199715,242.0799,224.0693,168.0431,152.9958,291.19657,96.9696,78.9591
OxLPC(20:1(OH))+C2H3O2,624.388315,550.351515,479.278015,242.0799,224.0693,168.0431,152.9958,325.27487,96.9696,78.9591
OxLPC(20:2(OH))+C2H3O2,622.372615,548.335815,477.262315,242.0799,224.0693,168.0431,152.9958,323.25917,96.9696,78.9591
OxLPC(20:3(OH))+C2H3O2,620.357015,546.320215,475.246715,242.0799,224.0693,168.0431,152.9958,321.24357,96.9696,78.9591
OxLPC(20:5(OH))+C2H3O2,616.325715,542.288915,471.215415,242.0799,224.0693,168.0431,152.9958,317.21227,96.9696,78.9591
OxLPC(22:1(OH))+C2H3O2,652.419615,578.382815,507.309315,242.0799,224.0693,168.0431,152.9958,353.30617,96.9696,78.9591
OxLPC(22:2(OH))+C2H3O2,650.403915,576.367115,505.293615,242.0799,224.0693,168.0431,152.9958,351.29047,96.9696,78.9591
OxLPC(22:3(OH))+C2H3O2,648.388315,574.351515,503.278015,242.0799,224.0693,168.0431,152.9958,349.27487,96.9696,78.9591
OxLPC(22:4(OH))+C2H3O2,646.372615,572.335815,501.262315,242.0799,224.0693,168.0431,152.9958,347.25917,96.9696,78.9591
OxLPC(22:5(OH))+C2H3O2,644.357015,570.320215,499.246715,242.0799,224.0693,168.0431,152.9958,345.24357,96.9696,78.9591
OxLPC(22:6(OH))+C2H3O2,642.341315,568.304515,497.231015,242.0799,224.0693,168.0431,152.9958,343.22787,96.9696,78.9591
OxLPC(24:1(OH))+C2H3O2,680.450915,606.414115,535.340615,242.0799,224.0693,168.0431,152.9958,381.33747,96.9696,78.9591
OxLPC(14:1(OO))+C2H3O2,556.289335,482.252535,411.179035,242.0799,224.0693,168.0431,152.9958,257.17589,96.9696,78.9591
OxLPC(15:1(OO))+C2H3O2,570.304935,496.268135,425.194635,242.0799,224.0693,168.0431,152.9958,271.19149,96.9696,78.9591
OxLPC(16:1(OO))+C2H3O2,584.320635,510.283835,439.210335,242.0799,224.0693,168.0431,152.9958,285.20719,96.9696,78.9591
OxLPC(17:1(OO))+C2H3O2,598.336235,524.299435,453.225935,242.0799,224.0693,168.0431,152.9958,299.22279,96.9696,78.9591
OxLPC(17:2(OO))+C2H3O2,596.320635,522.283835,451.210335,242.0799,224.0693,168.0431,152.9958,297.20719,96.9696,78.9591
OxLPC(18:1(OO))+C2H3O2,612.351935,538.315135,467.241635,242.0799,224.0693,168.0431,152.9958,313.23849,96.9696,78.9591
OxLPC(18:3(OO))+C2H3O2,608.320635,534.283835,463.210335,242.0799,224.0693,168.0431,152.9958,309.20719,96.9696,78.9591
OxLPC(18:4(OO))+C2H3O2,606.304935,532.268135,461.194635,242.0799,224.0693,168.0431,152.9958,307.19149,96.9696,78.9591
OxLPC(20:1(OO))+C2H3O2,640.383235,566.346435,495.272935,242.0799,224.0693,168.0431,152.9958,341.26979,96.9696,78.9591
OxLPC(20:2(OO))+C2H3O2,638.367535,564.330735,493.257235,242.0799,224.0693,168.0431,152.9958,339.25409,96.9696,78.9591
OxLPC(20:3(OO))+C2H3O2,636.351935,562.315135,491.241635,242.0799,224.0693,168.0431,152.9958,337.23849,96.9696,78.9591
OxLPC(20:5(OO))+C2H3O2,632.320635,558.283835,487.210335,242.0799,224.0693,168.0431,152.9958,333.20719,96.9696,78.9591
OxLPC(22:1(OO))+C2H3O2,668.414535,594.377735,523.304235,242.0799,224.0693,168.0431,152.9958,369.30109,96.9696,78.9591
OxLPC(22:2(OO))+C2H3O2,666.398835,592.362035,521.288535,242.0799,224.0693,168.0431,152.9958,367.28539,96.9696,78.9591
OxLPC(22:3(OO))+C2H3O2,664.383235,590.346435,519.272935,242.0799,224.0693,168.0431,152.9958,365.26979,96.9696,78.9591
OxLPC(22:4(OO))+C2H3O2,662.367535,588.330735,517.257235,242.0799,224.0693,168.0431,152.9958,363.25409,96.9696,78.9591
OxLPC(22:5(OO))+C2H3O2,660.351935,586.315135,515.241635,242.0799,224.0693,168.0431,152.9958,361.23849,96.9696,78.9591
OxLPC(22:6(OO))+C2H3O2,658.336235,584.299435,513.225935,242.0799,224.0693,168.0431,152.9958,359.22279,96.9696,78.9591
OxLPC(24:1(OO))+C2H3O2,696.445835,622.409035,551.335535,242.0799,224.0693,168.0431,152.9958,397.33239,96.9696,78.9591
OxLPC(14:1(OOO))+C2H3O2,572.284255,498.247455,427.173955,242.0799,224.0693,168.0431,152.9958,273.17081,96.9696,78.9591
OxLPC(15:1(OOO))+C2H3O2,586.299855,512.263055,441.189555,242.0799,224.0693,168.0431,152.9958,287.18641,96.9696,78.9591
OxLPC(16:1(OOO))+C2H3O2,600.315555,526.278755,455.205255,242.0799,224.0693,168.0431,152.9958,301.20211,96.9696,78.9591
OxLPC(17:1(OOO))+C2H3O2,614.331155,540.294355,469.220855,242.0799,224.0693,168.0431,152.9958,315.21771,96.9696,78.9591
OxLPC(17:2(OOO))+C2H3O2,612.315555,538.278755,467.205255,242.0799,224.0693,168.0431,152.9958,313.20211,96.9696,78.9591
OxLPC(18:1(OOO))+C2H3O2,628.346855,554.310055,483.236555,242.0799,224.0693,168.0431,152.9958,329.23341,96.9696,78.9591
OxLPC(18:2(OOO))+C2H3O2,626.331155,552.294355,481.220855,242.0799,224.0693,168.0431,152.9958,327.21771,96.9696,78.9591
OxLPC(18:3(OOO))+C2H3O2,624.315555,550.278755,479.205255,242.0799,224.0693,168.0431,152.9958,325.20211,96.9696,78.9591
OxLPC(18:4(OOO))+C2H3O2,622.299855,548.263055,477.189555,242.0799,224.0693,168.0431,152.9958,323.18641,96.9696,78.9591
OxLPC(20:1(OOO))+C2H3O2,656.378155,582.341355,511.267855,242.0799,224.0693,168.0431,152.9958,357.26471,96.9696,78.9591
OxLPC(20:2(OOO))+C2H3O2,654.362455,580.325655,509.252155,242.0799,224.0693,168.0431,152.9958,355.24901,96.9696,78.9591
OxLPC(20:3(OOO))+C2H3O2,652.346855,578.310055,507.236555,242.0799,224.0693,168.0431,152.9958,353.23341,96.9696,78.9591
OxLPC(20:4(OOO))+C2H3O2,650.331155,576.294355,505.220855,242.0799,224.0693,168.0431,152.9958,351.21771,96.9696,78.9591
OxLPC(20:5(OOO))+C2H3O2,648.315555,574.278755,503.205255,242.0799,224.0693,168.0431,152.9958,349.20211,96.9696,78.9591
OxLPC(22:1(OOO))+C2H3O2,684.409455,610.372655,539.299155,242.0799,224.0693,168.0431,152.9958,385.29601,96.9696,78.9591
OxLPC(22:2(OOO))+C2H3O2,682.393755,608.356955,537.283455,242.0799,224.0693,168.0431,152.9958,383.28031,96.9696,78.9591
OxLPC(22:3(OOO))+C2H3O2,680.378155,606.341355,535.267855,242.0799,224.0693,168.0431,152.9958,381.26471,96.9696,78.9591
OxLPC(22:4(OOO))+C2H3O2,678.362455,604.325655,533.252155,242.0799,224.0693,168.0431,152.9958,379.24901,96.9696,78.9591
OxLPC(22:5(OOO))+C2H3O2,676.346855,602.310055,531.236555,242.0799,224.0693,168.0431,152.9958,377.23341,96.9696,78.9591
OxLPC(22:6(OOO))+C2H3O2,674.331155,600.294355,529.220855,242.0799,224.0693,168.0431,152.9958,375.21771,96.9696,78.9591
OxLPC(24:1(OOO))+C2H3O2,712.440755,638.403955,567.330455,242.0799,224.0693,168.0431,152.9958,413.32731,96.9696,78.9591
OxLPC(14:1(OOOO))+C2H3O2,588.279175,514.242375,443.168875,242.0799,224.0693,168.0431,152.9958,289.16573,96.9696,78.9591
OxLPC(15:1(OOOO))+C2H3O2,602.294775,528.257975,457.184475,242.0799,224.0693,168.0431,152.9958,303.18133,96.9696,78.9591
OxLPC(16:1(OOOO))+C2H3O2,616.310475,542.273675,471.200175,242.0799,224.0693,168.0431,152.9958,317.19703,96.9696,78.9591
OxLPC(17:1(OOOO))+C2H3O2,630.326075,556.289275,485.215775,242.0799,224.0693,168.0431,152.9958,331.21263,96.9696,78.9591
OxLPC(17:2(OOOO))+C2H3O2,628.310475,554.273675,483.200175,242.0799,224.0693,168.0431,152.9958,329.19703,96.9696,78.9591
OxLPC(18:1(OOOO))+C2H3O2,644.341775,570.304975,499.231475,242.0799,224.0693,168.0431,152.9958,345.22833,96.9696,78.9591
OxLPC(18:2(OOOO))+C2H3O2,642.326075,568.289275,497.215775,242.0799,224.0693,168.0431,152.9958,343.21263,96.9696,78.9591
OxLPC(18:3(OOOO))+C2H3O2,640.310475,566.273675,495.200175,242.0799,224.0693,168.0431,152.9958,341.19703,96.9696,78.9591
OxLPC(18:4(OOOO))+C2H3O2,638.294775,564.257975,493.184475,242.0799,224.0693,168.0431,152.9958,339.18133,96.9696,78.9591
OxLPC(20:1(OOOO))+C2H3O2,672.373075,598.336275,527.262775,242.0799,224.0693,168.0431,152.9958,373.25963,96.9696,78.9591
OxLPC(20:2(OOOO))+C2H3O2,670.357375,596.320575,525.247075,242.0799,224.0693,168.0431,152.9958,371.24393,96.9696,78.9591
OxLPC(20:3(OOOO))+C2H3O2,668.341775,594.304975,523.231475,242.0799,224.0693,168.0431,152.9958,369.22833,96.9696,78.9591
OxLPC(20:4(OOOO))+C2H3O2,666.326075,592.289275,521.215775,242.0799,224.0693,168.0431,152.9958,367.21263,96.9696,78.9591
OxLPC(20:5(OOOO))+C2H3O2,664.310475,590.273675,519.200175,242.0799,224.0693,168.0431,152.9958,365.19703,96.9696,78.9591
OxLPC(22:1(OOOO))+C2H3O2,700.404375,626.367575,555.294075,242.0799,224.0693,168.0431,152.9958,401.29093,96.9696,78.9591
OxLPC(22:2(OOOO))+C2H3O2,698.388675,624.351875,553.278375,242.0799,224.0693,168.0431,152.9958,399.27523,96.9696,78.9591
OxLPC(22:3(OOOO))+C2H3O2,696.373075,622.336275,551.262775,242.0799,224.0693,168.0431,152.9958,397.25963,96.9696,78.9591
OxLPC(22:4(OOOO))+C2H3O2,694.357375,620.320575,549.247075,242.0799,224.0693,168.0431,152.9958,395.24393,96.9696,78.9591
OxLPC(22:5(OOOO))+C2H3O2,692.341775,618.304975,547.231475,242.0799,224.0693,168.0431,152.9958,393.22833,96.9696,78.9591
OxLPC(22:6(OOOO))+C2H3O2,690.326075,616.289275,545.215775,242.0799,224.0693,168.0431,152.9958,391.21263,96.9696,78.9591
OxLPC(24:1(OOOO))+C2H3O2,728.435675,654.398875,583.325375,242.0799,224.0693,168.0431,152.9958,429.32223,96.9696,78.9591
OxLPC(14:1(Ke))+C2H3O2,538.278755,464.241955,393.168455,242.0799,224.0693,168.0431,152.9958,239.16531,96.9696,78.9591
OxLPC(15:1(Ke))+C2H3O2,552.294355,478.257555,407.184055,242.0799,224.0693,168.0431,152.9958,253.18091,96.9696,78.9591
OxLPC(16:1(Ke))+C2H3O2,566.310055,492.273255,421.199755,242.0799,224.0693,168.0431,152.9958,267.19661,96.9696,78.9591
OxLPC(17:1(Ke))+C2H3O2,580.325655,506.288855,435.215355,242.0799,224.0693,168.0431,152.9958,281.21221,96.9696,78.9591
OxLPC(17:2(Ke))+C2H3O2,578.310055,504.273255,433.199755,242.0799,224.0693,168.0431,152.9958,279.19661,96.9696,78.9591
OxLPC(18:1(Ke))+C2H3O2,594.341355,520.304555,449.231055,242.0799,224.0693,168.0431,152.9958,295.22791,96.9696,78.9591
OxLPC(18:2(Ke))+C2H3O2,592.325655,518.288855,447.215355,242.0799,224.0693,168.0431,152.9958,293.21221,96.9696,78.9591
OxLPC(18:3(Ke))+C2H3O2,590.310055,516.273255,445.199755,242.0799,224.0693,168.0431,152.9958,291.19661,96.9696,78.9591
OxLPC(18:4(Ke))+C2H3O2,588.294355,514.257555,443.184055,242.0799,224.0693,168.0431,152.9958,289.18091,96.9696,78.9591
OxLPC(20:1(Ke))+C2H3O2,622.372655,548.335855,477.262355,242.0799,224.0693,168.0431,152.9958,323.25921,96.9696,78.9591
OxLPC(20:2(Ke))+C2H3O2,620.356955,546.320155,475.246655,242.0799,224.0693,168.0431,152.9958,321.24351,96.9696,78.9591
OxLPC(20:3(Ke))+C2H3O2,618.341355,544.304555,473.231055,242.0799,224.0693,168.0431,152.9958,319.22791,96.9696,78.9591
OxLPC(20:5(Ke))+C2H3O2,614.310055,540.273255,469.199755,242.0799,224.0693,168.0431,152.9958,315.19661,96.9696,78.9591
OxLPC(22:1(Ke))+C2H3O2,650.403955,576.367155,505.293655,242.0799,224.0693,168.0431,152.9958,351.29051,96.9696,78.9591
OxLPC(22:2(Ke))+C2H3O2,648.388255,574.351455,503.277955,242.0799,224.0693,168.0431,152.9958,349.27481,96.9696,78.9591
OxLPC(22:3(Ke))+C2H3O2,646.372655,572.335855,501.262355,242.0799,224.0693,168.0431,152.9958,347.25921,96.9696,78.9591
OxLPC(22:4(Ke))+C2H3O2,644.356955,570.320155,499.246655,242.0799,224.0693,168.0431,152.9958,345.24351,96.9696,78.9591
OxLPC(22:5(Ke))+C2H3O2,642.341355,568.304555,497.231055,242.0799,224.0693,168.0431,152.9958,343.22791,96.9696,78.9591
OxLPC(22:6(Ke))+C2H3O2,640.325655,566.288855,495.215355,242.0799,224.0693,168.0431,152.9958,341.21221,96.9696,78.9591
OxLPC(24:1(Ke))+C2H3O2,678.435255,604.398455,533.324955,242.0799,224.0693,168.0431,152.9958,379.32181,96.9696,78.9591
"OxLPC(14:1(Ke,OH))+C2H3O2",554.273675,480.236875,409.163375,242.0799,224.0693,168.0431,152.9958,255.16023,96.9696,78.9591
"OxLPC(15:1(Ke,OH))+C2H3O2",568.289275,494.252475,423.178975,242.0799,224.0693,168.0431,152.9958,269.17583,96.9696,78.9591
"OxLPC(16:1(Ke,OH))+C2H3O2",582.304975,508.268175,437.194675,242.0799,224.0693,168.0431,152.9958,283.19153,96.9696,78.9591
"OxLPC(17:1(Ke,OH))+C2H3O2",596.320575,522.283775,451.210275,242.0799,224.0693,168.0431,152.9958,297.20713,96.9696,78.9591
"OxLPC(17:2(Ke,OH))+C2H3O2",594.304975,520.268175,449.194675,242.0799,224.0693,168.0431,152.9958,295.19153,96.9696,78.9591
"OxLPC(18:1(Ke,OH))+C2H3O2",610.336275,536.299475,465.225975,242.0799,224.0693,168.0431,152.9958,311.22283,96.9696,78.9591
"OxLPC(18:2(Ke,OH))+C2H3O2",608.320575,534.283775,463.210275,242.0799,224.0693,168.0431,152.9958,309.20713,96.9696,78.9591
"OxLPC(18:3(Ke,OH))+C2H3O2",606.304975,532.268175,461.194675,242.0799,224.0693,168.0431,152.9958,307.19153,96.9696,78.9591
"OxLPC(18:4(Ke,OH))+C2H3O2",604.289275,530.252475,459.178975,242.0799,224.0693,168.0431,152.9958,305.17583,96.9696,78.9591
"OxLPC(20:1(Ke,OH))+C2H3O2",638.367575,564.330775,493.257275,242.0799,224.0693,168.0431,152.9958,339.25413,96.9696,78.9591
"OxLPC(20:2(Ke,OH))+C2H3O2",636.351875,562.315075,491.241575,242.0799,224.0693,168.0431,152.9958,337.23843,96.9696,78.9591
"OxLPC(20:3(Ke,OH))+C2H3O2",634.336275,560.299475,489.225975,242.0799,224.0693,168.0431,152.9958,335.22283,96.9696,78.9591
"OxLPC(20:4(Ke,OH))+C2H3O2",632.320575,558.283775,487.210275,242.0799,224.0693,168.0431,152.9958,333.20713,96.9696,78.9591
"OxLPC(20:5(Ke,OH))+C2H3O2",630.304975,556.268175,485.194675,242.0799,224.0693,168.0431,152.9958,331.19153,96.9696,78.9591
"OxLPC(22:1(Ke,OH))+C2H3O2",666.398875,592.362075,521.288575,242.0799,224.0693,168.0431,152.9958,367.28543,96.9696,78.9591
"OxLPC(22:2(Ke,OH))+C2H3O2",664.383175,590.346375,519.272875,242.0799,224.0693,168.0431,152.9958,365.26973,96.9696,78.9591
"OxLPC(22:3(Ke,OH))+C2H3O2",662.367575,588.330775,517.257275,242.0799,224.0693,168.0431,152.9958,363.25413,96.9696,78.9591
"OxLPC(22:4(Ke,OH))+C2H3O2",660.351875,586.315075,515.241575,242.0799,224.0693,168.0431,152.9958,361.23843,96.9696,78.9591
"OxLPC(22:5(Ke,OH))+C2H3O2",658.336275,584.299475,513.225975,242.0799,224.0693,168.0431,152.9958,359.22283,96.9696,78.9591
"OxLPC(22:6(Ke,OH))+C2H3O2",656.320575,582.283775,511.210275,242.0799,224.0693,168.0431,152.9958,357.20713,96.9696,78.9591
"OxLPC(24:1(Ke,OH))+C2H3O2",694.430175,620.393375,549.319875,242.0799,224.0693,168.0431,152.9958,395.31673,96.9696,78.9591
