SM,[HC2H3O2]-,M-CH3,FA(16:0)-H,(P-Cho)-CH3-H
SM(d10:0/10:0)+C2H3O2,567.378,493.3365,171.139,168.0431
SM(d10:0/12:0)+C2H3O2,595.4093,521.3678,199.1703,168.0431
SM(d10:0/13:0)+C2H3O2,609.425,535.3835,213.186,168.0431
SM(d10:0/14:0)+C2H3O2,623.4406,549.3991,227.2016,168.0431
SM(d10:0/14:1)+C2H3O2,621.425,547.3835,225.186,168.0431
SM(d10:0/15:0)+C2H3O2,637.4563,563.4148,241.2173,168.0431
SM(d10:0/15:1)+C2H3O2,635.4406,561.3991,239.2016,168.0431
SM(d10:0/16:0)+C2H3O2,651.4719,577.4304,255.2329,168.0431
SM(d10:0/16:1)+C2H3O2,649.4563,575.4148,253.2173,168.0431
SM(d10:0/17:0)+C2H3O2,665.4876,591.4461,269.2486,168.0431
SM(d10:0/17:1)+C2H3O2,663.4719,589.4304,267.2329,168.0431
SM(d10:0/17:2)+C2H3O2,661.4563,587.4148,265.2173,168.0431
SM(d10:0/18:0)+C2H3O2,679.5032,605.4617,283.2642,168.0431
SM(d10:0/18:1)+C2H3O2,677.4876,603.4461,281.2486,168.0431
SM(d10:0/18:2)+C2H3O2,675.4719,601.4304,279.2329,168.0431
SM(d10:0/18:3)+C2H3O2,673.4563,599.4148,277.2173,168.0431
SM(d10:0/18:4)+C2H3O2,671.4406,597.3991,275.2016,168.0431
SM(d10:0/19:0)+C2H3O2,693.5189,619.4774,297.2799,168.0431
SM(d10:0/20:0)+C2H3O2,707.5345,633.493,311.2955,168.0431
SM(d10:0/20:1)+C2H3O2,705.5189,631.4774,309.2799,168.0431
SM(d10:0/20:2)+C2H3O2,703.5032,629.4617,307.2642,168.0431
SM(d10:0/20:3)+C2H3O2,701.4876,627.4461,305.2486,168.0431
SM(d10:0/20:4)+C2H3O2,699.4719,625.4304,303.2329,168.0431
SM(d10:0/20:5)+C2H3O2,697.4563,623.4148,301.2173,168.0431
SM(d10:0/21:0)+C2H3O2,721.5502,647.5087,325.3112,168.0431
SM(d10:0/22:0)+C2H3O2,735.5658,661.5243,339.3268,168.0431
SM(d10:0/22:1)+C2H3O2,733.5502,659.5087,337.3112,168.0431
SM(d10:0/22:2)+C2H3O2,731.5345,657.493,335.2955,168.0431
SM(d10:0/22:3)+C2H3O2,729.5189,655.4774,333.2799,168.0431
SM(d10:0/22:4)+C2H3O2,727.5032,653.4617,331.2642,168.0431
SM(d10:0/22:5)+C2H3O2,725.4876,651.4461,329.2486,168.0431
SM(d10:0/22:6)+C2H3O2,723.4719,649.4304,327.2329,168.0431
SM(d10:0/23:0)+C2H3O2,749.5815,675.54,353.3425,168.0431
SM(d10:0/24:0)+C2H3O2,763.5971,689.5556,367.3581,168.0431
SM(d10:0/24:1)+C2H3O2,761.5815,687.54,365.3425,168.0431
SM(d10:0/25:0)+C2H3O2,777.6128,703.5713,381.3738,168.0431
SM(d10:0/26:0)+C2H3O2,791.6284,717.5869,395.3894,168.0431
SM(d10:0/8:0)+C2H3O2,539.3467,465.3052,143.1077,168.0431
SM(d12:0/10:0)+C2H3O2,595.4093,521.3678,171.139,168.0431
SM(d12:0/12:0)+C2H3O2,623.4406,549.3991,199.1703,168.0431
SM(d12:0/13:0)+C2H3O2,637.4563,563.4148,213.186,168.0431
SM(d12:0/14:0)+C2H3O2,651.4719,577.4304,227.2016,168.0431
SM(d12:0/14:1)+C2H3O2,649.4563,575.4148,225.186,168.0431
SM(d12:0/15:0)+C2H3O2,665.4876,591.4461,241.2173,168.0431
SM(d12:0/15:1)+C2H3O2,663.4719,589.4304,239.2016,168.0431
SM(d12:0/16:0)+C2H3O2,679.5032,605.4617,255.2329,168.0431
SM(d12:0/16:1)+C2H3O2,677.4876,603.4461,253.2173,168.0431
SM(d12:0/17:0)+C2H3O2,693.5189,619.4774,269.2486,168.0431
SM(d12:0/17:1)+C2H3O2,691.5032,617.4617,267.2329,168.0431
SM(d12:0/17:2)+C2H3O2,689.4876,615.4461,265.2173,168.0431
SM(d12:0/18:0)+C2H3O2,707.5345,633.493,283.2642,168.0431
SM(d12:0/18:1)+C2H3O2,705.5189,631.4774,281.2486,168.0431
SM(d12:0/18:2)+C2H3O2,703.5032,629.4617,279.2329,168.0431
SM(d12:0/18:3)+C2H3O2,701.4876,627.4461,277.2173,168.0431
SM(d12:0/18:4)+C2H3O2,699.4719,625.4304,275.2016,168.0431
SM(d12:0/19:0)+C2H3O2,721.5502,647.5087,297.2799,168.0431
SM(d12:0/20:0)+C2H3O2,735.5658,661.5243,311.2955,168.0431
SM(d12:0/20:1)+C2H3O2,733.5502,659.5087,309.2799,168.0431
SM(d12:0/20:2)+C2H3O2,731.5345,657.493,307.2642,168.0431
SM(d12:0/20:3)+C2H3O2,729.5189,655.4774,305.2486,168.0431
SM(d12:0/20:4)+C2H3O2,727.5032,653.4617,303.2329,168.0431
SM(d12:0/20:5)+C2H3O2,725.4876,651.4461,301.2173,168.0431
SM(d12:0/21:0)+C2H3O2,749.5815,675.54,325.3112,168.0431
SM(d12:0/22:0)+C2H3O2,763.5971,689.5556,339.3268,168.0431
SM(d12:0/22:1)+C2H3O2,761.5815,687.54,337.3112,168.0431
SM(d12:0/22:2)+C2H3O2,759.5658,685.5243,335.2955,168.0431
SM(d12:0/22:3)+C2H3O2,757.5502,683.5087,333.2799,168.0431
SM(d12:0/22:4)+C2H3O2,755.5345,681.493,331.2642,168.0431
SM(d12:0/22:5)+C2H3O2,753.5189,679.4774,329.2486,168.0431
SM(d12:0/22:6)+C2H3O2,751.5032,677.4617,327.2329,168.0431
SM(d12:0/23:0)+C2H3O2,777.6128,703.5713,353.3425,168.0431
SM(d12:0/24:0)+C2H3O2,791.6284,717.5869,367.3581,168.0431
SM(d12:0/24:1)+C2H3O2,789.6128,715.5713,365.3425,168.0431
SM(d12:0/25:0)+C2H3O2,805.6441,731.6026,381.3738,168.0431
SM(d12:0/26:0)+C2H3O2,819.6597,745.6182,395.3894,168.0431
SM(d12:0/8:0)+C2H3O2,567.378,493.3365,143.1077,168.0431
SM(d13:0/10:0)+C2H3O2,609.425,535.3835,171.139,168.0431
SM(d13:0/12:0)+C2H3O2,637.4563,563.4148,199.1703,168.0431
SM(d13:0/13:0)+C2H3O2,651.472,577.4305,213.186,168.0431
SM(d13:0/14:0)+C2H3O2,665.4876,591.4461,227.2016,168.0431
SM(d13:0/14:1)+C2H3O2,663.472,589.4305,225.186,168.0431
SM(d13:0/15:0)+C2H3O2,679.5033,605.4618,241.2173,168.0431
SM(d13:0/15:1)+C2H3O2,677.4876,603.4461,239.2016,168.0431
SM(d13:0/16:0)+C2H3O2,693.5189,619.4774,255.2329,168.0431
SM(d13:0/16:1)+C2H3O2,691.5033,617.4618,253.2173,168.0431
SM(d13:0/17:0)+C2H3O2,707.5346,633.4931,269.2486,168.0431
SM(d13:0/17:1)+C2H3O2,705.5189,631.4774,267.2329,168.0431
SM(d13:0/17:2)+C2H3O2,703.5033,629.4618,265.2173,168.0431
SM(d13:0/18:0)+C2H3O2,721.5502,647.5087,283.2642,168.0431
SM(d13:0/18:1)+C2H3O2,719.5346,645.4931,281.2486,168.0431
SM(d13:0/18:2)+C2H3O2,717.5189,643.4774,279.2329,168.0431
SM(d13:0/18:3)+C2H3O2,715.5033,641.4618,277.2173,168.0431
SM(d13:0/18:4)+C2H3O2,713.4876,639.4461,275.2016,168.0431
SM(d13:0/19:0)+C2H3O2,735.5659,661.5244,297.2799,168.0431
SM(d13:0/20:0)+C2H3O2,749.5815,675.54,311.2955,168.0431
SM(d13:0/20:1)+C2H3O2,747.5659,673.5244,309.2799,168.0431
SM(d13:0/20:2)+C2H3O2,745.5502,671.5087,307.2642,168.0431
SM(d13:0/20:3)+C2H3O2,743.5346,669.4931,305.2486,168.0431
SM(d13:0/20:4)+C2H3O2,741.5189,667.4774,303.2329,168.0431
SM(d13:0/20:5)+C2H3O2,739.5033,665.4618,301.2173,168.0431
SM(d13:0/21:0)+C2H3O2,763.5972,689.5557,325.3112,168.0431
SM(d13:0/22:0)+C2H3O2,777.6128,703.5713,339.3268,168.0431
SM(d13:0/22:1)+C2H3O2,775.5972,701.5557,337.3112,168.0431
SM(d13:0/22:2)+C2H3O2,773.5815,699.54,335.2955,168.0431
SM(d13:0/22:3)+C2H3O2,771.5659,697.5244,333.2799,168.0431
SM(d13:0/22:4)+C2H3O2,769.5502,695.5087,331.2642,168.0431
SM(d13:0/22:5)+C2H3O2,767.5346,693.4931,329.2486,168.0431
SM(d13:0/22:6)+C2H3O2,765.5189,691.4774,327.2329,168.0431
SM(d13:0/23:0)+C2H3O2,791.6285,717.587,353.3425,168.0431
SM(d13:0/24:0)+C2H3O2,805.6441,731.6026,367.3581,168.0431
SM(d13:0/24:1)+C2H3O2,803.6285,729.587,365.3425,168.0431
SM(d13:0/25:0)+C2H3O2,819.6598,745.6183,381.3738,168.0431
SM(d13:0/26:0)+C2H3O2,833.6754,759.6339,395.3894,168.0431
SM(d13:0/8:0)+C2H3O2,581.3937,507.3522,143.1077,168.0431
SM(d14:0/10:0)+C2H3O2,623.4406,549.3991,171.139,168.0431
SM(d14:0/12:0)+C2H3O2,651.4719,577.4304,199.1703,168.0431
SM(d14:0/13:0)+C2H3O2,665.4876,591.4461,213.186,168.0431
SM(d14:0/14:0)+C2H3O2,679.5032,605.4617,227.2016,168.0431
SM(d14:0/14:1)+C2H3O2,677.4876,603.4461,225.186,168.0431
SM(d14:0/15:0)+C2H3O2,693.5189,619.4774,241.2173,168.0431
SM(d14:0/15:1)+C2H3O2,691.5032,617.4617,239.2016,168.0431
SM(d14:0/16:0)+C2H3O2,707.5345,633.493,255.2329,168.0431
SM(d14:0/16:1)+C2H3O2,705.5189,631.4774,253.2173,168.0431
SM(d14:0/17:0)+C2H3O2,721.5502,647.5087,269.2486,168.0431
SM(d14:0/17:1)+C2H3O2,719.5345,645.493,267.2329,168.0431
SM(d14:0/17:2)+C2H3O2,717.5189,643.4774,265.2173,168.0431
SM(d14:0/18:0)+C2H3O2,735.5658,661.5243,283.2642,168.0431
SM(d14:0/18:1)+C2H3O2,733.5502,659.5087,281.2486,168.0431
SM(d14:0/18:2)+C2H3O2,731.5345,657.493,279.2329,168.0431
SM(d14:0/18:3)+C2H3O2,729.5189,655.4774,277.2173,168.0431
SM(d14:0/18:4)+C2H3O2,727.5032,653.4617,275.2016,168.0431
SM(d14:0/19:0)+C2H3O2,749.5815,675.54,297.2799,168.0431
SM(d14:0/20:0)+C2H3O2,763.5971,689.5556,311.2955,168.0431
SM(d14:0/20:1)+C2H3O2,761.5815,687.54,309.2799,168.0431
SM(d14:0/20:2)+C2H3O2,759.5658,685.5243,307.2642,168.0431
SM(d14:0/20:3)+C2H3O2,757.5502,683.5087,305.2486,168.0431
SM(d14:0/20:4)+C2H3O2,755.5345,681.493,303.2329,168.0431
SM(d14:0/20:5)+C2H3O2,753.5189,679.4774,301.2173,168.0431
SM(d14:0/21:0)+C2H3O2,777.6128,703.5713,325.3112,168.0431
SM(d14:0/22:0)+C2H3O2,791.6284,717.5869,339.3268,168.0431
SM(d14:0/22:1)+C2H3O2,789.6128,715.5713,337.3112,168.0431
SM(d14:0/22:2)+C2H3O2,787.5971,713.5556,335.2955,168.0431
SM(d14:0/22:3)+C2H3O2,785.5815,711.54,333.2799,168.0431
SM(d14:0/22:4)+C2H3O2,783.5658,709.5243,331.2642,168.0431
SM(d14:0/22:5)+C2H3O2,781.5502,707.5087,329.2486,168.0431
SM(d14:0/22:6)+C2H3O2,779.5345,705.493,327.2329,168.0431
SM(d14:0/23:0)+C2H3O2,805.6441,731.6026,353.3425,168.0431
SM(d14:0/24:0)+C2H3O2,819.6597,745.6182,367.3581,168.0431
SM(d14:0/24:1)+C2H3O2,817.6441,743.6026,365.3425,168.0431
SM(d14:0/25:0)+C2H3O2,833.6754,759.6339,381.3738,168.0431
SM(d14:0/26:0)+C2H3O2,847.691,773.6495,395.3894,168.0431
SM(d14:0/8:0)+C2H3O2,595.4093,521.3678,143.1077,168.0431
SM(d14:1/10:0)+C2H3O2,621.425,547.3835,171.139,168.0431
SM(d14:1/12:0)+C2H3O2,649.4563,575.4148,199.1703,168.0431
SM(d14:1/13:0)+C2H3O2,663.472,589.4305,213.186,168.0431
SM(d14:1/14:0)+C2H3O2,677.4876,603.4461,227.2016,168.0431
SM(d14:1/14:1)+C2H3O2,675.472,601.4305,225.186,168.0431
SM(d14:1/15:0)+C2H3O2,691.5033,617.4618,241.2173,168.0431
SM(d14:1/15:1)+C2H3O2,689.4876,615.4461,239.2016,168.0431
SM(d14:1/16:0)+C2H3O2,705.5189,631.4774,255.2329,168.0431
SM(d14:1/16:1)+C2H3O2,703.5033,629.4618,253.2173,168.0431
SM(d14:1/17:0)+C2H3O2,719.5346,645.4931,269.2486,168.0431
SM(d14:1/17:1)+C2H3O2,717.5189,643.4774,267.2329,168.0431
SM(d14:1/17:2)+C2H3O2,715.5033,641.4618,265.2173,168.0431
SM(d14:1/18:0)+C2H3O2,733.5502,659.5087,283.2642,168.0431
SM(d14:1/18:1)+C2H3O2,731.5346,657.4931,281.2486,168.0431
SM(d14:1/18:2)+C2H3O2,729.5189,655.4774,279.2329,168.0431
SM(d14:1/18:3)+C2H3O2,727.5033,653.4618,277.2173,168.0431
SM(d14:1/18:4)+C2H3O2,725.4876,651.4461,275.2016,168.0431
SM(d14:1/19:0)+C2H3O2,747.5659,673.5244,297.2799,168.0431
SM(d14:1/20:0)+C2H3O2,761.5815,687.54,311.2955,168.0431
SM(d14:1/20:1)+C2H3O2,759.5659,685.5244,309.2799,168.0431
SM(d14:1/20:2)+C2H3O2,757.5502,683.5087,307.2642,168.0431
SM(d14:1/20:3)+C2H3O2,755.5346,681.4931,305.2486,168.0431
SM(d14:1/20:4)+C2H3O2,753.5189,679.4774,303.2329,168.0431
SM(d14:1/20:5)+C2H3O2,751.5033,677.4618,301.2173,168.0431
SM(d14:1/21:0)+C2H3O2,775.5972,701.5557,325.3112,168.0431
SM(d14:1/22:0)+C2H3O2,789.6128,715.5713,339.3268,168.0431
SM(d14:1/22:1)+C2H3O2,787.5972,713.5557,337.3112,168.0431
SM(d14:1/22:2)+C2H3O2,785.5815,711.54,335.2955,168.0431
SM(d14:1/22:3)+C2H3O2,783.5659,709.5244,333.2799,168.0431
SM(d14:1/22:4)+C2H3O2,781.5502,707.5087,331.2642,168.0431
SM(d14:1/22:5)+C2H3O2,779.5346,705.4931,329.2486,168.0431
SM(d14:1/22:6)+C2H3O2,777.5189,703.4774,327.2329,168.0431
SM(d14:1/23:0)+C2H3O2,803.6285,729.587,353.3425,168.0431
SM(d14:1/24:0)+C2H3O2,817.6441,743.6026,367.3581,168.0431
SM(d14:1/24:1)+C2H3O2,815.6285,741.587,365.3425,168.0431
SM(d14:1/25:0)+C2H3O2,831.6598,757.6183,381.3738,168.0431
SM(d14:1/26:0)+C2H3O2,845.6754,771.6339,395.3894,168.0431
SM(d14:1/8:0)+C2H3O2,593.3937,519.3522,143.1077,168.0431
SM(d15:0/10:0)+C2H3O2,637.4563,563.4148,171.139,168.0431
SM(d15:0/12:0)+C2H3O2,665.4876,591.4461,199.1703,168.0431
SM(d15:0/13:0)+C2H3O2,679.5033,605.4618,213.186,168.0431
SM(d15:0/14:0)+C2H3O2,693.5189,619.4774,227.2016,168.0431
SM(d15:0/14:1)+C2H3O2,691.5033,617.4618,225.186,168.0431
SM(d15:0/15:0)+C2H3O2,707.5346,633.4931,241.2173,168.0431
SM(d15:0/15:1)+C2H3O2,705.5189,631.4774,239.2016,168.0431
SM(d15:0/16:0)+C2H3O2,721.5502,647.5087,255.2329,168.0431
SM(d15:0/16:1)+C2H3O2,719.5346,645.4931,253.2173,168.0431
SM(d15:0/17:0)+C2H3O2,735.5659,661.5244,269.2486,168.0431
SM(d15:0/17:1)+C2H3O2,733.5502,659.5087,267.2329,168.0431
SM(d15:0/17:2)+C2H3O2,731.5346,657.4931,265.2173,168.0431
SM(d15:0/18:0)+C2H3O2,749.5815,675.54,283.2642,168.0431
SM(d15:0/18:1)+C2H3O2,747.5659,673.5244,281.2486,168.0431
SM(d15:0/18:2)+C2H3O2,745.5502,671.5087,279.2329,168.0431
SM(d15:0/18:3)+C2H3O2,743.5346,669.4931,277.2173,168.0431
SM(d15:0/18:4)+C2H3O2,741.5189,667.4774,275.2016,168.0431
SM(d15:0/19:0)+C2H3O2,763.5972,689.5557,297.2799,168.0431
SM(d15:0/20:0)+C2H3O2,777.6128,703.5713,311.2955,168.0431
SM(d15:0/20:1)+C2H3O2,775.5972,701.5557,309.2799,168.0431
SM(d15:0/20:2)+C2H3O2,773.5815,699.54,307.2642,168.0431
SM(d15:0/20:3)+C2H3O2,771.5659,697.5244,305.2486,168.0431
SM(d15:0/20:4)+C2H3O2,769.5502,695.5087,303.2329,168.0431
SM(d15:0/20:5)+C2H3O2,767.5346,693.4931,301.2173,168.0431
SM(d15:0/21:0)+C2H3O2,791.6285,717.587,325.3112,168.0431
SM(d15:0/22:0)+C2H3O2,805.6441,731.6026,339.3268,168.0431
SM(d15:0/22:1)+C2H3O2,803.6285,729.587,337.3112,168.0431
SM(d15:0/22:2)+C2H3O2,801.6128,727.5713,335.2955,168.0431
SM(d15:0/22:3)+C2H3O2,799.5972,725.5557,333.2799,168.0431
SM(d15:0/22:4)+C2H3O2,797.5815,723.54,331.2642,168.0431
SM(d15:0/22:5)+C2H3O2,795.5659,721.5244,329.2486,168.0431
SM(d15:0/22:6)+C2H3O2,793.5502,719.5087,327.2329,168.0431
SM(d15:0/23:0)+C2H3O2,819.6598,745.6183,353.3425,168.0431
SM(d15:0/24:0)+C2H3O2,833.6754,759.6339,367.3581,168.0431
SM(d15:0/24:1)+C2H3O2,831.6598,757.6183,365.3425,168.0431
SM(d15:0/25:0)+C2H3O2,847.6911,773.6496,381.3738,168.0431
SM(d15:0/26:0)+C2H3O2,861.7067,787.6652,395.3894,168.0431
SM(d15:0/8:0)+C2H3O2,609.425,535.3835,143.1077,168.0431
SM(d15:1/10:0)+C2H3O2,635.4406,561.3991,171.139,168.0431
SM(d15:1/12:0)+C2H3O2,663.4719,589.4304,199.1703,168.0431
SM(d15:1/13:0)+C2H3O2,677.4876,603.4461,213.186,168.0431
SM(d15:1/14:0)+C2H3O2,691.5032,617.4617,227.2016,168.0431
SM(d15:1/14:1)+C2H3O2,689.4876,615.4461,225.186,168.0431
SM(d15:1/15:0)+C2H3O2,705.5189,631.4774,241.2173,168.0431
SM(d15:1/15:1)+C2H3O2,703.5032,629.4617,239.2016,168.0431
SM(d15:1/16:0)+C2H3O2,719.5345,645.493,255.2329,168.0431
SM(d15:1/16:1)+C2H3O2,717.5189,643.4774,253.2173,168.0431
SM(d15:1/17:0)+C2H3O2,733.5502,659.5087,269.2486,168.0431
SM(d15:1/17:1)+C2H3O2,731.5345,657.493,267.2329,168.0431
SM(d15:1/17:2)+C2H3O2,729.5189,655.4774,265.2173,168.0431
SM(d15:1/18:0)+C2H3O2,747.5658,673.5243,283.2642,168.0431
SM(d15:1/18:1)+C2H3O2,745.5502,671.5087,281.2486,168.0431
SM(d15:1/18:2)+C2H3O2,743.5345,669.493,279.2329,168.0431
SM(d15:1/18:3)+C2H3O2,741.5189,667.4774,277.2173,168.0431
SM(d15:1/18:4)+C2H3O2,739.5032,665.4617,275.2016,168.0431
SM(d15:1/19:0)+C2H3O2,761.5815,687.54,297.2799,168.0431
SM(d15:1/20:0)+C2H3O2,775.5971,701.5556,311.2955,168.0431
SM(d15:1/20:1)+C2H3O2,773.5815,699.54,309.2799,168.0431
SM(d15:1/20:2)+C2H3O2,771.5658,697.5243,307.2642,168.0431
SM(d15:1/20:3)+C2H3O2,769.5502,695.5087,305.2486,168.0431
SM(d15:1/20:4)+C2H3O2,767.5345,693.493,303.2329,168.0431
SM(d15:1/20:5)+C2H3O2,765.5189,691.4774,301.2173,168.0431
SM(d15:1/21:0)+C2H3O2,789.6128,715.5713,325.3112,168.0431
SM(d15:1/22:0)+C2H3O2,803.6284,729.5869,339.3268,168.0431
SM(d15:1/22:1)+C2H3O2,801.6128,727.5713,337.3112,168.0431
SM(d15:1/22:2)+C2H3O2,799.5971,725.5556,335.2955,168.0431
SM(d15:1/22:3)+C2H3O2,797.5815,723.54,333.2799,168.0431
SM(d15:1/22:4)+C2H3O2,795.5658,721.5243,331.2642,168.0431
SM(d15:1/22:5)+C2H3O2,793.5502,719.5087,329.2486,168.0431
SM(d15:1/22:6)+C2H3O2,791.5345,717.493,327.2329,168.0431
SM(d15:1/23:0)+C2H3O2,817.6441,743.6026,353.3425,168.0431
SM(d15:1/24:0)+C2H3O2,831.6597,757.6182,367.3581,168.0431
SM(d15:1/24:1)+C2H3O2,829.6441,755.6026,365.3425,168.0431
SM(d15:1/25:0)+C2H3O2,845.6754,771.6339,381.3738,168.0431
SM(d15:1/26:0)+C2H3O2,859.691,785.6495,395.3894,168.0431
SM(d15:1/8:0)+C2H3O2,607.4093,533.3678,143.1077,168.0431
SM(d16:0/10:0)+C2H3O2,651.4719,577.4304,171.139,168.0431
SM(d16:0/12:0)+C2H3O2,679.5032,605.4617,199.1703,168.0431
SM(d16:0/13:0)+C2H3O2,693.5189,619.4774,213.186,168.0431
SM(d16:0/14:0)+C2H3O2,707.5345,633.493,227.2016,168.0431
SM(d16:0/14:1)+C2H3O2,705.5189,631.4774,225.186,168.0431
SM(d16:0/15:0)+C2H3O2,721.5502,647.5087,241.2173,168.0431
SM(d16:0/15:1)+C2H3O2,719.5345,645.493,239.2016,168.0431
SM(d16:0/16:0)+C2H3O2,735.5658,661.5243,255.2329,168.0431
SM(d16:0/16:1)+C2H3O2,733.5502,659.5087,253.2173,168.0431
SM(d16:0/17:0)+C2H3O2,749.5815,675.54,269.2486,168.0431
SM(d16:0/17:1)+C2H3O2,747.5658,673.5243,267.2329,168.0431
SM(d16:0/17:2)+C2H3O2,745.5502,671.5087,265.2173,168.0431
SM(d16:0/18:0)+C2H3O2,763.5971,689.5556,283.2642,168.0431
SM(d16:0/18:1)+C2H3O2,761.5815,687.54,281.2486,168.0431
SM(d16:0/18:2)+C2H3O2,759.5658,685.5243,279.2329,168.0431
SM(d16:0/18:3)+C2H3O2,757.5502,683.5087,277.2173,168.0431
SM(d16:0/18:4)+C2H3O2,755.5345,681.493,275.2016,168.0431
SM(d16:0/19:0)+C2H3O2,777.6128,703.5713,297.2799,168.0431
SM(d16:0/20:0)+C2H3O2,791.6284,717.5869,311.2955,168.0431
SM(d16:0/20:1)+C2H3O2,789.6128,715.5713,309.2799,168.0431
SM(d16:0/20:2)+C2H3O2,787.5971,713.5556,307.2642,168.0431
SM(d16:0/20:3)+C2H3O2,785.5815,711.54,305.2486,168.0431
SM(d16:0/20:4)+C2H3O2,783.5658,709.5243,303.2329,168.0431
SM(d16:0/20:5)+C2H3O2,781.5502,707.5087,301.2173,168.0431
SM(d16:0/21:0)+C2H3O2,805.6441,731.6026,325.3112,168.0431
SM(d16:0/22:0)+C2H3O2,819.6597,745.6182,339.3268,168.0431
SM(d16:0/22:1)+C2H3O2,817.6441,743.6026,337.3112,168.0431
SM(d16:0/22:2)+C2H3O2,815.6284,741.5869,335.2955,168.0431
SM(d16:0/22:3)+C2H3O2,813.6128,739.5713,333.2799,168.0431
SM(d16:0/22:4)+C2H3O2,811.5971,737.5556,331.2642,168.0431
SM(d16:0/22:5)+C2H3O2,809.5815,735.54,329.2486,168.0431
SM(d16:0/22:6)+C2H3O2,807.5658,733.5243,327.2329,168.0431
SM(d16:0/23:0)+C2H3O2,833.6754,759.6339,353.3425,168.0431
SM(d16:0/24:0)+C2H3O2,847.691,773.6495,367.3581,168.0431
SM(d16:0/24:1)+C2H3O2,845.6754,771.6339,365.3425,168.0431
SM(d16:0/25:0)+C2H3O2,861.7067,787.6652,381.3738,168.0431
SM(d16:0/26:0)+C2H3O2,875.7223,801.6808,395.3894,168.0431
SM(d16:0/8:0)+C2H3O2,623.4406,549.3991,143.1077,168.0431
SM(d16:1/10:0)+C2H3O2,649.4563,575.4148,171.139,168.0431
SM(d16:1/12:0)+C2H3O2,677.4876,603.4461,199.1703,168.0431
SM(d16:1/13:0)+C2H3O2,691.5033,617.4618,213.186,168.0431
SM(d16:1/14:0)+C2H3O2,705.5189,631.4774,227.2016,168.0431
SM(d16:1/14:1)+C2H3O2,703.5033,629.4618,225.186,168.0431
SM(d16:1/15:0)+C2H3O2,719.5346,645.4931,241.2173,168.0431
SM(d16:1/15:1)+C2H3O2,717.5189,643.4774,239.2016,168.0431
SM(d16:1/16:0)+C2H3O2,733.5502,659.5087,255.2329,168.0431
SM(d16:1/16:1)+C2H3O2,731.5346,657.4931,253.2173,168.0431
SM(d16:1/17:0)+C2H3O2,747.5659,673.5244,269.2486,168.0431
SM(d16:1/17:1)+C2H3O2,745.5502,671.5087,267.2329,168.0431
SM(d16:1/17:2)+C2H3O2,743.5346,669.4931,265.2173,168.0431
SM(d16:1/18:0)+C2H3O2,761.5815,687.54,283.2642,168.0431
SM(d16:1/18:1)+C2H3O2,759.5659,685.5244,281.2486,168.0431
SM(d16:1/18:2)+C2H3O2,757.5502,683.5087,279.2329,168.0431
SM(d16:1/18:3)+C2H3O2,755.5346,681.4931,277.2173,168.0431
SM(d16:1/18:4)+C2H3O2,753.5189,679.4774,275.2016,168.0431
SM(d16:1/19:0)+C2H3O2,775.5972,701.5557,297.2799,168.0431
SM(d16:1/20:0)+C2H3O2,789.6128,715.5713,311.2955,168.0431
SM(d16:1/20:1)+C2H3O2,787.5972,713.5557,309.2799,168.0431
SM(d16:1/20:2)+C2H3O2,785.5815,711.54,307.2642,168.0431
SM(d16:1/20:3)+C2H3O2,783.5659,709.5244,305.2486,168.0431
SM(d16:1/20:4)+C2H3O2,781.5502,707.5087,303.2329,168.0431
SM(d16:1/20:5)+C2H3O2,779.5346,705.4931,301.2173,168.0431
SM(d16:1/21:0)+C2H3O2,803.6285,729.587,325.3112,168.0431
SM(d16:1/22:0)+C2H3O2,817.6441,743.6026,339.3268,168.0431
SM(d16:1/22:1)+C2H3O2,815.6285,741.587,337.3112,168.0431
SM(d16:1/22:2)+C2H3O2,813.6128,739.5713,335.2955,168.0431
SM(d16:1/22:3)+C2H3O2,811.5972,737.5557,333.2799,168.0431
SM(d16:1/22:4)+C2H3O2,809.5815,735.54,331.2642,168.0431
SM(d16:1/22:5)+C2H3O2,807.5659,733.5244,329.2486,168.0431
SM(d16:1/22:6)+C2H3O2,805.5502,731.5087,327.2329,168.0431
SM(d16:1/23:0)+C2H3O2,831.6598,757.6183,353.3425,168.0431
SM(d16:1/24:0)+C2H3O2,845.6754,771.6339,367.3581,168.0431
SM(d16:1/24:1)+C2H3O2,843.6598,769.6183,365.3425,168.0431
SM(d16:1/25:0)+C2H3O2,859.6911,785.6496,381.3738,168.0431
SM(d16:1/26:0)+C2H3O2,873.7067,799.6652,395.3894,168.0431
SM(d16:1/8:0)+C2H3O2,621.425,547.3835,143.1077,168.0431
SM(d17:0/10:0)+C2H3O2,665.4876,591.4461,171.139,168.0431
SM(d17:0/12:0)+C2H3O2,693.5189,619.4774,199.1703,168.0431
SM(d17:0/13:0)+C2H3O2,707.5346,633.4931,213.186,168.0431
SM(d17:0/14:0)+C2H3O2,721.5502,647.5087,227.2016,168.0431
SM(d17:0/14:1)+C2H3O2,719.5346,645.4931,225.186,168.0431
SM(d17:0/15:0)+C2H3O2,735.5659,661.5244,241.2173,168.0431
SM(d17:0/15:1)+C2H3O2,733.5502,659.5087,239.2016,168.0431
SM(d17:0/16:0)+C2H3O2,749.5815,675.54,255.2329,168.0431
SM(d17:0/16:1)+C2H3O2,747.5659,673.5244,253.2173,168.0431
SM(d17:0/17:0)+C2H3O2,763.5972,689.5557,269.2486,168.0431
SM(d17:0/17:1)+C2H3O2,761.5815,687.54,267.2329,168.0431
SM(d17:0/17:2)+C2H3O2,759.5659,685.5244,265.2173,168.0431
SM(d17:0/18:0)+C2H3O2,777.6128,703.5713,283.2642,168.0431
SM(d17:0/18:1)+C2H3O2,775.5972,701.5557,281.2486,168.0431
SM(d17:0/18:2)+C2H3O2,773.5815,699.54,279.2329,168.0431
SM(d17:0/18:3)+C2H3O2,771.5659,697.5244,277.2173,168.0431
SM(d17:0/18:4)+C2H3O2,769.5502,695.5087,275.2016,168.0431
SM(d17:0/19:0)+C2H3O2,791.6285,717.587,297.2799,168.0431
SM(d17:0/20:0)+C2H3O2,805.6441,731.6026,311.2955,168.0431
SM(d17:0/20:1)+C2H3O2,803.6285,729.587,309.2799,168.0431
SM(d17:0/20:2)+C2H3O2,801.6128,727.5713,307.2642,168.0431
SM(d17:0/20:3)+C2H3O2,799.5972,725.5557,305.2486,168.0431
SM(d17:0/20:4)+C2H3O2,797.5815,723.54,303.2329,168.0431
SM(d17:0/20:5)+C2H3O2,795.5659,721.5244,301.2173,168.0431
SM(d17:0/21:0)+C2H3O2,819.6598,745.6183,325.3112,168.0431
SM(d17:0/22:0)+C2H3O2,833.6754,759.6339,339.3268,168.0431
SM(d17:0/22:1)+C2H3O2,831.6598,757.6183,337.3112,168.0431
SM(d17:0/22:2)+C2H3O2,829.6441,755.6026,335.2955,168.0431
SM(d17:0/22:3)+C2H3O2,827.6285,753.587,333.2799,168.0431
SM(d17:0/22:4)+C2H3O2,825.6128,751.5713,331.2642,168.0431
SM(d17:0/22:5)+C2H3O2,823.5972,749.5557,329.2486,168.0431
SM(d17:0/22:6)+C2H3O2,821.5815,747.54,327.2329,168.0431
SM(d17:0/23:0)+C2H3O2,847.6911,773.6496,353.3425,168.0431
SM(d17:0/24:0)+C2H3O2,861.7067,787.6652,367.3581,168.0431
SM(d17:0/24:1)+C2H3O2,859.6911,785.6496,365.3425,168.0431
SM(d17:0/25:0)+C2H3O2,875.7224,801.6809,381.3738,168.0431
SM(d17:0/26:0)+C2H3O2,889.738,815.6965,395.3894,168.0431
SM(d17:0/8:0)+C2H3O2,637.4563,563.4148,143.1077,168.0431
SM(d17:1/10:0)+C2H3O2,663.4719,589.4304,171.139,168.0431
SM(d17:1/12:0)+C2H3O2,691.5032,617.4617,199.1703,168.0431
SM(d17:1/13:0)+C2H3O2,705.5189,631.4774,213.186,168.0431
SM(d17:1/14:0)+C2H3O2,719.5345,645.493,227.2016,168.0431
SM(d17:1/14:1)+C2H3O2,717.5189,643.4774,225.186,168.0431
SM(d17:1/15:0)+C2H3O2,733.5502,659.5087,241.2173,168.0431
SM(d17:1/15:1)+C2H3O2,731.5345,657.493,239.2016,168.0431
SM(d17:1/16:0)+C2H3O2,747.5658,673.5243,255.2329,168.0431
SM(d17:1/16:1)+C2H3O2,745.5502,671.5087,253.2173,168.0431
SM(d17:1/17:0)+C2H3O2,761.5815,687.54,269.2486,168.0431
SM(d17:1/17:1)+C2H3O2,759.5658,685.5243,267.2329,168.0431
SM(d17:1/17:2)+C2H3O2,757.5502,683.5087,265.2173,168.0431
SM(d17:1/18:0)+C2H3O2,775.5971,701.5556,283.2642,168.0431
SM(d17:1/18:1)+C2H3O2,773.5815,699.54,281.2486,168.0431
SM(d17:1/18:2)+C2H3O2,771.5658,697.5243,279.2329,168.0431
SM(d17:1/18:3)+C2H3O2,769.5502,695.5087,277.2173,168.0431
SM(d17:1/18:4)+C2H3O2,767.5345,693.493,275.2016,168.0431
SM(d17:1/19:0)+C2H3O2,789.6128,715.5713,297.2799,168.0431
SM(d17:1/20:0)+C2H3O2,803.6284,729.5869,311.2955,168.0431
SM(d17:1/20:1)+C2H3O2,801.6128,727.5713,309.2799,168.0431
SM(d17:1/20:2)+C2H3O2,799.5971,725.5556,307.2642,168.0431
SM(d17:1/20:3)+C2H3O2,797.5815,723.54,305.2486,168.0431
SM(d17:1/20:4)+C2H3O2,795.5658,721.5243,303.2329,168.0431
SM(d17:1/20:5)+C2H3O2,793.5502,719.5087,301.2173,168.0431
SM(d17:1/21:0)+C2H3O2,817.6441,743.6026,325.3112,168.0431
SM(d17:1/22:0)+C2H3O2,831.6597,757.6182,339.3268,168.0431
SM(d17:1/22:1)+C2H3O2,829.6441,755.6026,337.3112,168.0431
SM(d17:1/22:2)+C2H3O2,827.6284,753.5869,335.2955,168.0431
SM(d17:1/22:3)+C2H3O2,825.6128,751.5713,333.2799,168.0431
SM(d17:1/22:4)+C2H3O2,823.5971,749.5556,331.2642,168.0431
SM(d17:1/22:5)+C2H3O2,821.5815,747.54,329.2486,168.0431
SM(d17:1/22:6)+C2H3O2,819.5658,745.5243,327.2329,168.0431
SM(d17:1/23:0)+C2H3O2,845.6754,771.6339,353.3425,168.0431
SM(d17:1/24:0)+C2H3O2,859.691,785.6495,367.3581,168.0431
SM(d17:1/24:1)+C2H3O2,857.6754,783.6339,365.3425,168.0431
SM(d17:1/25:0)+C2H3O2,873.7067,799.6652,381.3738,168.0431
SM(d17:1/26:0)+C2H3O2,887.7223,813.6808,395.3894,168.0431
SM(d17:1/8:0)+C2H3O2,635.4406,561.3991,143.1077,168.0431
SM(d17:2/10:0)+C2H3O2,661.4563,587.4148,171.139,168.0431
SM(d17:2/12:0)+C2H3O2,689.4876,615.4461,199.1703,168.0431
SM(d17:2/13:0)+C2H3O2,703.5033,629.4618,213.186,168.0431
SM(d17:2/14:0)+C2H3O2,717.5189,643.4774,227.2016,168.0431
SM(d17:2/14:1)+C2H3O2,715.5033,641.4618,225.186,168.0431
SM(d17:2/15:0)+C2H3O2,731.5346,657.4931,241.2173,168.0431
SM(d17:2/15:1)+C2H3O2,729.5189,655.4774,239.2016,168.0431
SM(d17:2/16:0)+C2H3O2,745.5502,671.5087,255.2329,168.0431
SM(d17:2/16:1)+C2H3O2,743.5346,669.4931,253.2173,168.0431
SM(d17:2/17:0)+C2H3O2,759.5659,685.5244,269.2486,168.0431
SM(d17:2/17:1)+C2H3O2,757.5502,683.5087,267.2329,168.0431
SM(d17:2/17:2)+C2H3O2,755.5346,681.4931,265.2173,168.0431
SM(d17:2/18:0)+C2H3O2,773.5815,699.54,283.2642,168.0431
SM(d17:2/18:1)+C2H3O2,771.5659,697.5244,281.2486,168.0431
SM(d17:2/18:2)+C2H3O2,769.5502,695.5087,279.2329,168.0431
SM(d17:2/18:3)+C2H3O2,767.5346,693.4931,277.2173,168.0431
SM(d17:2/18:4)+C2H3O2,765.5189,691.4774,275.2016,168.0431
SM(d17:2/19:0)+C2H3O2,787.5972,713.5557,297.2799,168.0431
SM(d17:2/20:0)+C2H3O2,801.6128,727.5713,311.2955,168.0431
SM(d17:2/20:1)+C2H3O2,799.5972,725.5557,309.2799,168.0431
SM(d17:2/20:2)+C2H3O2,797.5815,723.54,307.2642,168.0431
SM(d17:2/20:3)+C2H3O2,795.5659,721.5244,305.2486,168.0431
SM(d17:2/20:4)+C2H3O2,793.5502,719.5087,303.2329,168.0431
SM(d17:2/20:5)+C2H3O2,791.5346,717.4931,301.2173,168.0431
SM(d17:2/21:0)+C2H3O2,815.6285,741.587,325.3112,168.0431
SM(d17:2/22:0)+C2H3O2,829.6441,755.6026,339.3268,168.0431
SM(d17:2/22:1)+C2H3O2,827.6285,753.587,337.3112,168.0431
SM(d17:2/22:2)+C2H3O2,825.6128,751.5713,335.2955,168.0431
SM(d17:2/22:3)+C2H3O2,823.5972,749.5557,333.2799,168.0431
SM(d17:2/22:4)+C2H3O2,821.5815,747.54,331.2642,168.0431
SM(d17:2/22:5)+C2H3O2,819.5659,745.5244,329.2486,168.0431
SM(d17:2/22:6)+C2H3O2,817.5502,743.5087,327.2329,168.0431
SM(d17:2/23:0)+C2H3O2,843.6598,769.6183,353.3425,168.0431
SM(d17:2/24:0)+C2H3O2,857.6754,783.6339,367.3581,168.0431
SM(d17:2/24:1)+C2H3O2,855.6598,781.6183,365.3425,168.0431
SM(d17:2/25:0)+C2H3O2,871.6911,797.6496,381.3738,168.0431
SM(d17:2/26:0)+C2H3O2,885.7067,811.6652,395.3894,168.0431
SM(d17:2/8:0)+C2H3O2,633.425,559.3835,143.1077,168.0431
SM(d18:0/10:0)+C2H3O2,679.5032,605.4617,171.139,168.0431
SM(d18:0/12:0)+C2H3O2,707.5345,633.493,199.1703,168.0431
SM(d18:0/13:0)+C2H3O2,721.5502,647.5087,213.186,168.0431
SM(d18:0/14:0)+C2H3O2,735.5658,661.5243,227.2016,168.0431
SM(d18:0/14:1)+C2H3O2,733.5502,659.5087,225.186,168.0431
SM(d18:0/15:0)+C2H3O2,749.5815,675.54,241.2173,168.0431
SM(d18:0/15:1)+C2H3O2,747.5658,673.5243,239.2016,168.0431
SM(d18:0/16:0)+C2H3O2,763.5971,689.5556,255.2329,168.0431
SM(d18:0/16:1)+C2H3O2,761.5815,687.54,253.2173,168.0431
SM(d18:0/17:0)+C2H3O2,777.6128,703.5713,269.2486,168.0431
SM(d18:0/17:1)+C2H3O2,775.5971,701.5556,267.2329,168.0431
SM(d18:0/17:2)+C2H3O2,773.5815,699.54,265.2173,168.0431
SM(d18:0/18:0)+C2H3O2,791.6284,717.5869,283.2642,168.0431
SM(d18:0/18:1)+C2H3O2,789.6128,715.5713,281.2486,168.0431
SM(d18:0/18:2)+C2H3O2,787.5971,713.5556,279.2329,168.0431
SM(d18:0/18:3)+C2H3O2,785.5815,711.54,277.2173,168.0431
SM(d18:0/18:4)+C2H3O2,783.5658,709.5243,275.2016,168.0431
SM(d18:0/19:0)+C2H3O2,805.6441,731.6026,297.2799,168.0431
SM(d18:0/20:0)+C2H3O2,819.6597,745.6182,311.2955,168.0431
SM(d18:0/20:1)+C2H3O2,817.6441,743.6026,309.2799,168.0431
SM(d18:0/20:2)+C2H3O2,815.6284,741.5869,307.2642,168.0431
SM(d18:0/20:3)+C2H3O2,813.6128,739.5713,305.2486,168.0431
SM(d18:0/20:4)+C2H3O2,811.5971,737.5556,303.2329,168.0431
SM(d18:0/20:5)+C2H3O2,809.5815,735.54,301.2173,168.0431
SM(d18:0/21:0)+C2H3O2,833.6754,759.6339,325.3112,168.0431
SM(d18:0/22:0)+C2H3O2,847.691,773.6495,339.3268,168.0431
SM(d18:0/22:1)+C2H3O2,845.6754,771.6339,337.3112,168.0431
SM(d18:0/22:2)+C2H3O2,843.6597,769.6182,335.2955,168.0431
SM(d18:0/22:3)+C2H3O2,841.6441,767.6026,333.2799,168.0431
SM(d18:0/22:4)+C2H3O2,839.6284,765.5869,331.2642,168.0431
SM(d18:0/22:5)+C2H3O2,837.6128,763.5713,329.2486,168.0431
SM(d18:0/22:6)+C2H3O2,835.5971,761.5556,327.2329,168.0431
SM(d18:0/23:0)+C2H3O2,861.7067,787.6652,353.3425,168.0431
SM(d18:0/24:0)+C2H3O2,875.7223,801.6808,367.3581,168.0431
SM(d18:0/24:1)+C2H3O2,873.7067,799.6652,365.3425,168.0431
SM(d18:0/25:0)+C2H3O2,889.738,815.6965,381.3738,168.0431
SM(d18:0/26:0)+C2H3O2,903.7536,829.7121,395.3894,168.0431
SM(d18:0/8:0)+C2H3O2,651.4719,577.4304,143.1077,168.0431
SM(d18:1/10:0)+C2H3O2,677.4876,603.4461,171.139,168.0431
SM(d18:1/12:0)+C2H3O2,705.5189,631.4774,199.1703,168.0431
SM(d18:1/13:0)+C2H3O2,719.5346,645.4931,213.186,168.0431
SM(d18:1/14:0)+C2H3O2,733.5502,659.5087,227.2016,168.0431
SM(d18:1/14:1)+C2H3O2,731.5346,657.4931,225.186,168.0431
SM(d18:1/15:0)+C2H3O2,747.5659,673.5244,241.2173,168.0431
SM(d18:1/15:1)+C2H3O2,745.5502,671.5087,239.2016,168.0431
SM(d18:1/16:0)+C2H3O2,761.5815,687.54,255.2329,168.0431
SM(d18:1/16:1)+C2H3O2,759.5659,685.5244,253.2173,168.0431
SM(d18:1/17:0)+C2H3O2,775.5972,701.5557,269.2486,168.0431
SM(d18:1/17:1)+C2H3O2,773.5815,699.54,267.2329,168.0431
SM(d18:1/17:2)+C2H3O2,771.5659,697.5244,265.2173,168.0431
SM(d18:1/18:0)+C2H3O2,789.6128,715.5713,283.2642,168.0431
SM(d18:1/18:1)+C2H3O2,787.5972,713.5557,281.2486,168.0431
SM(d18:1/18:2)+C2H3O2,785.5815,711.54,279.2329,168.0431
SM(d18:1/18:3)+C2H3O2,783.5659,709.5244,277.2173,168.0431
SM(d18:1/18:4)+C2H3O2,781.5502,707.5087,275.2016,168.0431
SM(d18:1/19:0)+C2H3O2,803.6285,729.587,297.2799,168.0431
SM(d18:1/20:0)+C2H3O2,817.6441,743.6026,311.2955,168.0431
SM(d18:1/20:1)+C2H3O2,815.6285,741.587,309.2799,168.0431
SM(d18:1/20:2)+C2H3O2,813.6128,739.5713,307.2642,168.0431
SM(d18:1/20:3)+C2H3O2,811.5972,737.5557,305.2486,168.0431
SM(d18:1/20:4)+C2H3O2,809.5815,735.54,303.2329,168.0431
SM(d18:1/20:5)+C2H3O2,807.5659,733.5244,301.2173,168.0431
SM(d18:1/21:0)+C2H3O2,831.6598,757.6183,325.3112,168.0431
SM(d18:1/22:0)+C2H3O2,845.6754,771.6339,339.3268,168.0431
SM(d18:1/22:1)+C2H3O2,843.6598,769.6183,337.3112,168.0431
SM(d18:1/22:2)+C2H3O2,841.6441,767.6026,335.2955,168.0431
SM(d18:1/22:3)+C2H3O2,839.6285,765.587,333.2799,168.0431
SM(d18:1/22:4)+C2H3O2,837.6128,763.5713,331.2642,168.0431
SM(d18:1/22:5)+C2H3O2,835.5972,761.5557,329.2486,168.0431
SM(d18:1/22:6)+C2H3O2,833.5815,759.54,327.2329,168.0431
SM(d18:1/23:0)+C2H3O2,859.6911,785.6496,353.3425,168.0431
SM(d18:1/24:0)+C2H3O2,873.7067,799.6652,367.3581,168.0431
SM(d18:1/24:1)+C2H3O2,871.6911,797.6496,365.3425,168.0431
SM(d18:1/25:0)+C2H3O2,887.7224,813.6809,381.3738,168.0431
SM(d18:1/26:0)+C2H3O2,901.738,827.6965,395.3894,168.0431
SM(d18:1/8:0)+C2H3O2,649.4563,575.4148,143.1077,168.0431
SM(d18:2/10:0)+C2H3O2,675.4719,601.4304,171.139,168.0431
SM(d18:2/12:0)+C2H3O2,703.5032,629.4617,199.1703,168.0431
SM(d18:2/13:0)+C2H3O2,717.5189,643.4774,213.186,168.0431
SM(d18:2/14:0)+C2H3O2,731.5345,657.493,227.2016,168.0431
SM(d18:2/14:1)+C2H3O2,729.5189,655.4774,225.186,168.0431
SM(d18:2/15:0)+C2H3O2,745.5502,671.5087,241.2173,168.0431
SM(d18:2/15:1)+C2H3O2,743.5345,669.493,239.2016,168.0431
SM(d18:2/16:0)+C2H3O2,759.5658,685.5243,255.2329,168.0431
SM(d18:2/16:1)+C2H3O2,757.5502,683.5087,253.2173,168.0431
SM(d18:2/17:0)+C2H3O2,773.5815,699.54,269.2486,168.0431
SM(d18:2/17:1)+C2H3O2,771.5658,697.5243,267.2329,168.0431
SM(d18:2/17:2)+C2H3O2,769.5502,695.5087,265.2173,168.0431
SM(d18:2/18:0)+C2H3O2,787.5971,713.5556,283.2642,168.0431
SM(d18:2/18:1)+C2H3O2,785.5815,711.54,281.2486,168.0431
SM(d18:2/18:2)+C2H3O2,783.5658,709.5243,279.2329,168.0431
SM(d18:2/18:3)+C2H3O2,781.5502,707.5087,277.2173,168.0431
SM(d18:2/18:4)+C2H3O2,779.5345,705.493,275.2016,168.0431
SM(d18:2/19:0)+C2H3O2,801.6128,727.5713,297.2799,168.0431
SM(d18:2/20:0)+C2H3O2,815.6284,741.5869,311.2955,168.0431
SM(d18:2/20:1)+C2H3O2,813.6128,739.5713,309.2799,168.0431
SM(d18:2/20:2)+C2H3O2,811.5971,737.5556,307.2642,168.0431
SM(d18:2/20:3)+C2H3O2,809.5815,735.54,305.2486,168.0431
SM(d18:2/20:4)+C2H3O2,807.5658,733.5243,303.2329,168.0431
SM(d18:2/20:5)+C2H3O2,805.5502,731.5087,301.2173,168.0431
SM(d18:2/21:0)+C2H3O2,829.6441,755.6026,325.3112,168.0431
SM(d18:2/22:0)+C2H3O2,843.6597,769.6182,339.3268,168.0431
SM(d18:2/22:1)+C2H3O2,841.6441,767.6026,337.3112,168.0431
SM(d18:2/22:2)+C2H3O2,839.6284,765.5869,335.2955,168.0431
SM(d18:2/22:3)+C2H3O2,837.6128,763.5713,333.2799,168.0431
SM(d18:2/22:4)+C2H3O2,835.5971,761.5556,331.2642,168.0431
SM(d18:2/22:5)+C2H3O2,833.5815,759.54,329.2486,168.0431
SM(d18:2/22:6)+C2H3O2,831.5658,757.5243,327.2329,168.0431
SM(d18:2/23:0)+C2H3O2,857.6754,783.6339,353.3425,168.0431
SM(d18:2/24:0)+C2H3O2,871.691,797.6495,367.3581,168.0431
SM(d18:2/24:1)+C2H3O2,869.6754,795.6339,365.3425,168.0431
SM(d18:2/25:0)+C2H3O2,885.7067,811.6652,381.3738,168.0431
SM(d18:2/26:0)+C2H3O2,899.7223,825.6808,395.3894,168.0431
SM(d18:2/8:0)+C2H3O2,647.4406,573.3991,143.1077,168.0431
SM(d18:3/10:0)+C2H3O2,673.4563,599.4148,171.139,168.0431
SM(d18:3/12:0)+C2H3O2,701.4876,627.4461,199.1703,168.0431
SM(d18:3/13:0)+C2H3O2,715.5033,641.4618,213.186,168.0431
SM(d18:3/14:0)+C2H3O2,729.5189,655.4774,227.2016,168.0431
SM(d18:3/14:1)+C2H3O2,727.5033,653.4618,225.186,168.0431
SM(d18:3/15:0)+C2H3O2,743.5346,669.4931,241.2173,168.0431
SM(d18:3/15:1)+C2H3O2,741.5189,667.4774,239.2016,168.0431
SM(d18:3/16:0)+C2H3O2,757.5502,683.5087,255.2329,168.0431
SM(d18:3/16:1)+C2H3O2,755.5346,681.4931,253.2173,168.0431
SM(d18:3/17:0)+C2H3O2,771.5659,697.5244,269.2486,168.0431
SM(d18:3/17:1)+C2H3O2,769.5502,695.5087,267.2329,168.0431
SM(d18:3/17:2)+C2H3O2,767.5346,693.4931,265.2173,168.0431
SM(d18:3/18:0)+C2H3O2,785.5815,711.54,283.2642,168.0431
SM(d18:3/18:1)+C2H3O2,783.5659,709.5244,281.2486,168.0431
SM(d18:3/18:2)+C2H3O2,781.5502,707.5087,279.2329,168.0431
SM(d18:3/18:3)+C2H3O2,779.5346,705.4931,277.2173,168.0431
SM(d18:3/18:4)+C2H3O2,777.5189,703.4774,275.2016,168.0431
SM(d18:3/19:0)+C2H3O2,799.5972,725.5557,297.2799,168.0431
SM(d18:3/20:0)+C2H3O2,813.6128,739.5713,311.2955,168.0431
SM(d18:3/20:1)+C2H3O2,811.5972,737.5557,309.2799,168.0431
SM(d18:3/20:2)+C2H3O2,809.5815,735.54,307.2642,168.0431
SM(d18:3/20:3)+C2H3O2,807.5659,733.5244,305.2486,168.0431
SM(d18:3/20:4)+C2H3O2,805.5502,731.5087,303.2329,168.0431
SM(d18:3/20:5)+C2H3O2,803.5346,729.4931,301.2173,168.0431
SM(d18:3/21:0)+C2H3O2,827.6285,753.587,325.3112,168.0431
SM(d18:3/22:0)+C2H3O2,841.6441,767.6026,339.3268,168.0431
SM(d18:3/22:1)+C2H3O2,839.6285,765.587,337.3112,168.0431
SM(d18:3/22:2)+C2H3O2,837.6128,763.5713,335.2955,168.0431
SM(d18:3/22:3)+C2H3O2,835.5972,761.5557,333.2799,168.0431
SM(d18:3/22:4)+C2H3O2,833.5815,759.54,331.2642,168.0431
SM(d18:3/22:5)+C2H3O2,831.5659,757.5244,329.2486,168.0431
SM(d18:3/22:6)+C2H3O2,829.5502,755.5087,327.2329,168.0431
SM(d18:3/23:0)+C2H3O2,855.6598,781.6183,353.3425,168.0431
SM(d18:3/24:0)+C2H3O2,869.6754,795.6339,367.3581,168.0431
SM(d18:3/24:1)+C2H3O2,867.6598,793.6183,365.3425,168.0431
SM(d18:3/25:0)+C2H3O2,883.6911,809.6496,381.3738,168.0431
SM(d18:3/26:0)+C2H3O2,897.7067,823.6652,395.3894,168.0431
SM(d18:3/8:0)+C2H3O2,645.425,571.3835,143.1077,168.0431
SM(d18:4/10:0)+C2H3O2,671.4406,597.3991,171.139,168.0431
SM(d18:4/12:0)+C2H3O2,699.4719,625.4304,199.1703,168.0431
SM(d18:4/13:0)+C2H3O2,713.4876,639.4461,213.186,168.0431
SM(d18:4/14:0)+C2H3O2,727.5032,653.4617,227.2016,168.0431
SM(d18:4/14:1)+C2H3O2,725.4876,651.4461,225.186,168.0431
SM(d18:4/15:0)+C2H3O2,741.5189,667.4774,241.2173,168.0431
SM(d18:4/15:1)+C2H3O2,739.5032,665.4617,239.2016,168.0431
SM(d18:4/16:0)+C2H3O2,755.5345,681.493,255.2329,168.0431
SM(d18:4/16:1)+C2H3O2,753.5189,679.4774,253.2173,168.0431
SM(d18:4/17:0)+C2H3O2,769.5502,695.5087,269.2486,168.0431
SM(d18:4/17:1)+C2H3O2,767.5345,693.493,267.2329,168.0431
SM(d18:4/17:2)+C2H3O2,765.5189,691.4774,265.2173,168.0431
SM(d18:4/18:0)+C2H3O2,783.5658,709.5243,283.2642,168.0431
SM(d18:4/18:1)+C2H3O2,781.5502,707.5087,281.2486,168.0431
SM(d18:4/18:2)+C2H3O2,779.5345,705.493,279.2329,168.0431
SM(d18:4/18:3)+C2H3O2,777.5189,703.4774,277.2173,168.0431
SM(d18:4/18:4)+C2H3O2,775.5032,701.4617,275.2016,168.0431
SM(d18:4/19:0)+C2H3O2,797.5815,723.54,297.2799,168.0431
SM(d18:4/20:0)+C2H3O2,811.5971,737.5556,311.2955,168.0431
SM(d18:4/20:1)+C2H3O2,809.5815,735.54,309.2799,168.0431
SM(d18:4/20:2)+C2H3O2,807.5658,733.5243,307.2642,168.0431
SM(d18:4/20:3)+C2H3O2,805.5502,731.5087,305.2486,168.0431
SM(d18:4/20:4)+C2H3O2,803.5345,729.493,303.2329,168.0431
SM(d18:4/20:5)+C2H3O2,801.5189,727.4774,301.2173,168.0431
SM(d18:4/21:0)+C2H3O2,825.6128,751.5713,325.3112,168.0431
SM(d18:4/22:0)+C2H3O2,839.6284,765.5869,339.3268,168.0431
SM(d18:4/22:1)+C2H3O2,837.6128,763.5713,337.3112,168.0431
SM(d18:4/22:2)+C2H3O2,835.5971,761.5556,335.2955,168.0431
SM(d18:4/22:3)+C2H3O2,833.5815,759.54,333.2799,168.0431
SM(d18:4/22:4)+C2H3O2,831.5658,757.5243,331.2642,168.0431
SM(d18:4/22:5)+C2H3O2,829.5502,755.5087,329.2486,168.0431
SM(d18:4/22:6)+C2H3O2,827.5345,753.493,327.2329,168.0431
SM(d18:4/23:0)+C2H3O2,853.6441,779.6026,353.3425,168.0431
SM(d18:4/24:0)+C2H3O2,867.6597,793.6182,367.3581,168.0431
SM(d18:4/24:1)+C2H3O2,865.6441,791.6026,365.3425,168.0431
SM(d18:4/25:0)+C2H3O2,881.6754,807.6339,381.3738,168.0431
SM(d18:4/26:0)+C2H3O2,895.691,821.6495,395.3894,168.0431
SM(d18:4/8:0)+C2H3O2,643.4093,569.3678,143.1077,168.0431
SM(d19:0/10:0)+C2H3O2,693.5189,619.4774,171.139,168.0431
SM(d19:0/12:0)+C2H3O2,721.5502,647.5087,199.1703,168.0431
SM(d19:0/13:0)+C2H3O2,735.5659,661.5244,213.186,168.0431
SM(d19:0/14:0)+C2H3O2,749.5815,675.54,227.2016,168.0431
SM(d19:0/14:1)+C2H3O2,747.5659,673.5244,225.186,168.0431
SM(d19:0/15:0)+C2H3O2,763.5972,689.5557,241.2173,168.0431
SM(d19:0/15:1)+C2H3O2,761.5815,687.54,239.2016,168.0431
SM(d19:0/16:0)+C2H3O2,777.6128,703.5713,255.2329,168.0431
SM(d19:0/16:1)+C2H3O2,775.5972,701.5557,253.2173,168.0431
SM(d19:0/17:0)+C2H3O2,791.6285,717.587,269.2486,168.0431
SM(d19:0/17:1)+C2H3O2,789.6128,715.5713,267.2329,168.0431
SM(d19:0/17:2)+C2H3O2,787.5972,713.5557,265.2173,168.0431
SM(d19:0/18:0)+C2H3O2,805.6441,731.6026,283.2642,168.0431
SM(d19:0/18:1)+C2H3O2,803.6285,729.587,281.2486,168.0431
SM(d19:0/18:2)+C2H3O2,801.6128,727.5713,279.2329,168.0431
SM(d19:0/18:3)+C2H3O2,799.5972,725.5557,277.2173,168.0431
SM(d19:0/18:4)+C2H3O2,797.5815,723.54,275.2016,168.0431
SM(d19:0/19:0)+C2H3O2,819.6598,745.6183,297.2799,168.0431
SM(d19:0/20:0)+C2H3O2,833.6754,759.6339,311.2955,168.0431
SM(d19:0/20:1)+C2H3O2,831.6598,757.6183,309.2799,168.0431
SM(d19:0/20:2)+C2H3O2,829.6441,755.6026,307.2642,168.0431
SM(d19:0/20:3)+C2H3O2,827.6285,753.587,305.2486,168.0431
SM(d19:0/20:4)+C2H3O2,825.6128,751.5713,303.2329,168.0431
SM(d19:0/20:5)+C2H3O2,823.5972,749.5557,301.2173,168.0431
SM(d19:0/21:0)+C2H3O2,847.6911,773.6496,325.3112,168.0431
SM(d19:0/22:0)+C2H3O2,861.7067,787.6652,339.3268,168.0431
SM(d19:0/22:1)+C2H3O2,859.6911,785.6496,337.3112,168.0431
SM(d19:0/22:2)+C2H3O2,857.6754,783.6339,335.2955,168.0431
SM(d19:0/22:3)+C2H3O2,855.6598,781.6183,333.2799,168.0431
SM(d19:0/22:4)+C2H3O2,853.6441,779.6026,331.2642,168.0431
SM(d19:0/22:5)+C2H3O2,851.6285,777.587,329.2486,168.0431
SM(d19:0/22:6)+C2H3O2,849.6128,775.5713,327.2329,168.0431
SM(d19:0/23:0)+C2H3O2,875.7224,801.6809,353.3425,168.0431
SM(d19:0/24:0)+C2H3O2,889.738,815.6965,367.3581,168.0431
SM(d19:0/24:1)+C2H3O2,887.7224,813.6809,365.3425,168.0431
SM(d19:0/25:0)+C2H3O2,903.7537,829.7122,381.3738,168.0431
SM(d19:0/26:0)+C2H3O2,917.7693,843.7278,395.3894,168.0431
SM(d19:0/8:0)+C2H3O2,665.4876,591.4461,143.1077,168.0431
SM(d20:0/10:0)+C2H3O2,707.5345,633.493,171.139,168.0431
SM(d20:0/12:0)+C2H3O2,735.5658,661.5243,199.1703,168.0431
SM(d20:0/13:0)+C2H3O2,749.5815,675.54,213.186,168.0431
SM(d20:0/14:0)+C2H3O2,763.5971,689.5556,227.2016,168.0431
SM(d20:0/14:1)+C2H3O2,761.5815,687.54,225.186,168.0431
SM(d20:0/15:0)+C2H3O2,777.6128,703.5713,241.2173,168.0431
SM(d20:0/15:1)+C2H3O2,775.5971,701.5556,239.2016,168.0431
SM(d20:0/16:0)+C2H3O2,791.6284,717.5869,255.2329,168.0431
SM(d20:0/16:1)+C2H3O2,789.6128,715.5713,253.2173,168.0431
SM(d20:0/17:0)+C2H3O2,805.6441,731.6026,269.2486,168.0431
SM(d20:0/17:1)+C2H3O2,803.6284,729.5869,267.2329,168.0431
SM(d20:0/17:2)+C2H3O2,801.6128,727.5713,265.2173,168.0431
SM(d20:0/18:0)+C2H3O2,819.6597,745.6182,283.2642,168.0431
SM(d20:0/18:1)+C2H3O2,817.6441,743.6026,281.2486,168.0431
SM(d20:0/18:2)+C2H3O2,815.6284,741.5869,279.2329,168.0431
SM(d20:0/18:3)+C2H3O2,813.6128,739.5713,277.2173,168.0431
SM(d20:0/18:4)+C2H3O2,811.5971,737.5556,275.2016,168.0431
SM(d20:0/19:0)+C2H3O2,833.6754,759.6339,297.2799,168.0431
SM(d20:0/20:0)+C2H3O2,847.691,773.6495,311.2955,168.0431
SM(d20:0/20:1)+C2H3O2,845.6754,771.6339,309.2799,168.0431
SM(d20:0/20:2)+C2H3O2,843.6597,769.6182,307.2642,168.0431
SM(d20:0/20:3)+C2H3O2,841.6441,767.6026,305.2486,168.0431
SM(d20:0/20:4)+C2H3O2,839.6284,765.5869,303.2329,168.0431
SM(d20:0/20:5)+C2H3O2,837.6128,763.5713,301.2173,168.0431
SM(d20:0/21:0)+C2H3O2,861.7067,787.6652,325.3112,168.0431
SM(d20:0/22:0)+C2H3O2,875.7223,801.6808,339.3268,168.0431
SM(d20:0/22:1)+C2H3O2,873.7067,799.6652,337.3112,168.0431
SM(d20:0/22:2)+C2H3O2,871.691,797.6495,335.2955,168.0431
SM(d20:0/22:3)+C2H3O2,869.6754,795.6339,333.2799,168.0431
SM(d20:0/22:4)+C2H3O2,867.6597,793.6182,331.2642,168.0431
SM(d20:0/22:5)+C2H3O2,865.6441,791.6026,329.2486,168.0431
SM(d20:0/22:6)+C2H3O2,863.6284,789.5869,327.2329,168.0431
SM(d20:0/23:0)+C2H3O2,889.738,815.6965,353.3425,168.0431
SM(d20:0/24:0)+C2H3O2,903.7536,829.7121,367.3581,168.0431
SM(d20:0/24:1)+C2H3O2,901.738,827.6965,365.3425,168.0431
SM(d20:0/25:0)+C2H3O2,917.7693,843.7278,381.3738,168.0431
SM(d20:0/26:0)+C2H3O2,931.7849,857.7434,395.3894,168.0431
SM(d20:0/8:0)+C2H3O2,679.5032,605.4617,143.1077,168.0431
SM(d20:1/10:0)+C2H3O2,705.5189,631.4774,171.139,168.0431
SM(d20:1/12:0)+C2H3O2,733.5502,659.5087,199.1703,168.0431
SM(d20:1/13:0)+C2H3O2,747.5659,673.5244,213.186,168.0431
SM(d20:1/14:0)+C2H3O2,761.5815,687.54,227.2016,168.0431
SM(d20:1/14:1)+C2H3O2,759.5659,685.5244,225.186,168.0431
SM(d20:1/15:0)+C2H3O2,775.5972,701.5557,241.2173,168.0431
SM(d20:1/15:1)+C2H3O2,773.5815,699.54,239.2016,168.0431
SM(d20:1/16:0)+C2H3O2,789.6128,715.5713,255.2329,168.0431
SM(d20:1/16:1)+C2H3O2,787.5972,713.5557,253.2173,168.0431
SM(d20:1/17:0)+C2H3O2,803.6285,729.587,269.2486,168.0431
SM(d20:1/17:1)+C2H3O2,801.6128,727.5713,267.2329,168.0431
SM(d20:1/17:2)+C2H3O2,799.5972,725.5557,265.2173,168.0431
SM(d20:1/18:0)+C2H3O2,817.6441,743.6026,283.2642,168.0431
SM(d20:1/18:1)+C2H3O2,815.6285,741.587,281.2486,168.0431
SM(d20:1/18:2)+C2H3O2,813.6128,739.5713,279.2329,168.0431
SM(d20:1/18:3)+C2H3O2,811.5972,737.5557,277.2173,168.0431
SM(d20:1/18:4)+C2H3O2,809.5815,735.54,275.2016,168.0431
SM(d20:1/19:0)+C2H3O2,831.6598,757.6183,297.2799,168.0431
SM(d20:1/20:0)+C2H3O2,845.6754,771.6339,311.2955,168.0431
SM(d20:1/20:1)+C2H3O2,843.6598,769.6183,309.2799,168.0431
SM(d20:1/20:2)+C2H3O2,841.6441,767.6026,307.2642,168.0431
SM(d20:1/20:3)+C2H3O2,839.6285,765.587,305.2486,168.0431
SM(d20:1/20:4)+C2H3O2,837.6128,763.5713,303.2329,168.0431
SM(d20:1/20:5)+C2H3O2,835.5972,761.5557,301.2173,168.0431
SM(d20:1/21:0)+C2H3O2,859.6911,785.6496,325.3112,168.0431
SM(d20:1/22:0)+C2H3O2,873.7067,799.6652,339.3268,168.0431
SM(d20:1/22:1)+C2H3O2,871.6911,797.6496,337.3112,168.0431
SM(d20:1/22:2)+C2H3O2,869.6754,795.6339,335.2955,168.0431
SM(d20:1/22:3)+C2H3O2,867.6598,793.6183,333.2799,168.0431
SM(d20:1/22:4)+C2H3O2,865.6441,791.6026,331.2642,168.0431
SM(d20:1/22:5)+C2H3O2,863.6285,789.587,329.2486,168.0431
SM(d20:1/22:6)+C2H3O2,861.6128,787.5713,327.2329,168.0431
SM(d20:1/23:0)+C2H3O2,887.7224,813.6809,353.3425,168.0431
SM(d20:1/24:0)+C2H3O2,901.738,827.6965,367.3581,168.0431
SM(d20:1/24:1)+C2H3O2,899.7224,825.6809,365.3425,168.0431
SM(d20:1/25:0)+C2H3O2,915.7537,841.7122,381.3738,168.0431
SM(d20:1/26:0)+C2H3O2,929.7693,855.7278,395.3894,168.0431
SM(d20:1/8:0)+C2H3O2,677.4876,603.4461,143.1077,168.0431
SM(d20:2/10:0)+C2H3O2,703.5032,629.4617,171.139,168.0431
SM(d20:2/12:0)+C2H3O2,731.5345,657.493,199.1703,168.0431
SM(d20:2/13:0)+C2H3O2,745.5502,671.5087,213.186,168.0431
SM(d20:2/14:0)+C2H3O2,759.5658,685.5243,227.2016,168.0431
SM(d20:2/14:1)+C2H3O2,757.5502,683.5087,225.186,168.0431
SM(d20:2/15:0)+C2H3O2,773.5815,699.54,241.2173,168.0431
SM(d20:2/15:1)+C2H3O2,771.5658,697.5243,239.2016,168.0431
SM(d20:2/16:0)+C2H3O2,787.5971,713.5556,255.2329,168.0431
SM(d20:2/16:1)+C2H3O2,785.5815,711.54,253.2173,168.0431
SM(d20:2/17:0)+C2H3O2,801.6128,727.5713,269.2486,168.0431
SM(d20:2/17:1)+C2H3O2,799.5971,725.5556,267.2329,168.0431
SM(d20:2/17:2)+C2H3O2,797.5815,723.54,265.2173,168.0431
SM(d20:2/18:0)+C2H3O2,815.6284,741.5869,283.2642,168.0431
SM(d20:2/18:1)+C2H3O2,813.6128,739.5713,281.2486,168.0431
SM(d20:2/18:2)+C2H3O2,811.5971,737.5556,279.2329,168.0431
SM(d20:2/18:3)+C2H3O2,809.5815,735.54,277.2173,168.0431
SM(d20:2/18:4)+C2H3O2,807.5658,733.5243,275.2016,168.0431
SM(d20:2/19:0)+C2H3O2,829.6441,755.6026,297.2799,168.0431
SM(d20:2/20:0)+C2H3O2,843.6597,769.6182,311.2955,168.0431
SM(d20:2/20:1)+C2H3O2,841.6441,767.6026,309.2799,168.0431
SM(d20:2/20:2)+C2H3O2,839.6284,765.5869,307.2642,168.0431
SM(d20:2/20:3)+C2H3O2,837.6128,763.5713,305.2486,168.0431
SM(d20:2/20:4)+C2H3O2,835.5971,761.5556,303.2329,168.0431
SM(d20:2/20:5)+C2H3O2,833.5815,759.54,301.2173,168.0431
SM(d20:2/21:0)+C2H3O2,857.6754,783.6339,325.3112,168.0431
SM(d20:2/22:0)+C2H3O2,871.691,797.6495,339.3268,168.0431
SM(d20:2/22:1)+C2H3O2,869.6754,795.6339,337.3112,168.0431
SM(d20:2/22:2)+C2H3O2,867.6597,793.6182,335.2955,168.0431
SM(d20:2/22:3)+C2H3O2,865.6441,791.6026,333.2799,168.0431
SM(d20:2/22:4)+C2H3O2,863.6284,789.5869,331.2642,168.0431
SM(d20:2/22:5)+C2H3O2,861.6128,787.5713,329.2486,168.0431
SM(d20:2/22:6)+C2H3O2,859.5971,785.5556,327.2329,168.0431
SM(d20:2/23:0)+C2H3O2,885.7067,811.6652,353.3425,168.0431
SM(d20:2/24:0)+C2H3O2,899.7223,825.6808,367.3581,168.0431
SM(d20:2/24:1)+C2H3O2,897.7067,823.6652,365.3425,168.0431
SM(d20:2/25:0)+C2H3O2,913.738,839.6965,381.3738,168.0431
SM(d20:2/26:0)+C2H3O2,927.7536,853.7121,395.3894,168.0431
SM(d20:2/8:0)+C2H3O2,675.4719,601.4304,143.1077,168.0431
SM(d20:3/10:0)+C2H3O2,701.4876,627.4461,171.139,168.0431
SM(d20:3/12:0)+C2H3O2,729.5189,655.4774,199.1703,168.0431
SM(d20:3/13:0)+C2H3O2,743.5346,669.4931,213.186,168.0431
SM(d20:3/14:0)+C2H3O2,757.5502,683.5087,227.2016,168.0431
SM(d20:3/14:1)+C2H3O2,755.5346,681.4931,225.186,168.0431
SM(d20:3/15:0)+C2H3O2,771.5659,697.5244,241.2173,168.0431
SM(d20:3/15:1)+C2H3O2,769.5502,695.5087,239.2016,168.0431
SM(d20:3/16:0)+C2H3O2,785.5815,711.54,255.2329,168.0431
SM(d20:3/16:1)+C2H3O2,783.5659,709.5244,253.2173,168.0431
SM(d20:3/17:0)+C2H3O2,799.5972,725.5557,269.2486,168.0431
SM(d20:3/17:1)+C2H3O2,797.5815,723.54,267.2329,168.0431
SM(d20:3/17:2)+C2H3O2,795.5659,721.5244,265.2173,168.0431
SM(d20:3/18:0)+C2H3O2,813.6128,739.5713,283.2642,168.0431
SM(d20:3/18:1)+C2H3O2,811.5972,737.5557,281.2486,168.0431
SM(d20:3/18:2)+C2H3O2,809.5815,735.54,279.2329,168.0431
SM(d20:3/18:3)+C2H3O2,807.5659,733.5244,277.2173,168.0431
SM(d20:3/18:4)+C2H3O2,805.5502,731.5087,275.2016,168.0431
SM(d20:3/19:0)+C2H3O2,827.6285,753.587,297.2799,168.0431
SM(d20:3/20:0)+C2H3O2,841.6441,767.6026,311.2955,168.0431
SM(d20:3/20:1)+C2H3O2,839.6285,765.587,309.2799,168.0431
SM(d20:3/20:2)+C2H3O2,837.6128,763.5713,307.2642,168.0431
SM(d20:3/20:3)+C2H3O2,835.5972,761.5557,305.2486,168.0431
SM(d20:3/20:4)+C2H3O2,833.5815,759.54,303.2329,168.0431
SM(d20:3/20:5)+C2H3O2,831.5659,757.5244,301.2173,168.0431
SM(d20:3/21:0)+C2H3O2,855.6598,781.6183,325.3112,168.0431
SM(d20:3/22:0)+C2H3O2,869.6754,795.6339,339.3268,168.0431
SM(d20:3/22:1)+C2H3O2,867.6598,793.6183,337.3112,168.0431
SM(d20:3/22:2)+C2H3O2,865.6441,791.6026,335.2955,168.0431
SM(d20:3/22:3)+C2H3O2,863.6285,789.587,333.2799,168.0431
SM(d20:3/22:4)+C2H3O2,861.6128,787.5713,331.2642,168.0431
SM(d20:3/22:5)+C2H3O2,859.5972,785.5557,329.2486,168.0431
SM(d20:3/22:6)+C2H3O2,857.5815,783.54,327.2329,168.0431
SM(d20:3/23:0)+C2H3O2,883.6911,809.6496,353.3425,168.0431
SM(d20:3/24:0)+C2H3O2,897.7067,823.6652,367.3581,168.0431
SM(d20:3/24:1)+C2H3O2,895.6911,821.6496,365.3425,168.0431
SM(d20:3/25:0)+C2H3O2,911.7224,837.6809,381.3738,168.0431
SM(d20:3/26:0)+C2H3O2,925.738,851.6965,395.3894,168.0431
SM(d20:3/8:0)+C2H3O2,673.4563,599.4148,143.1077,168.0431
SM(d20:4/10:0)+C2H3O2,699.4719,625.4304,171.139,168.0431
SM(d20:4/12:0)+C2H3O2,727.5032,653.4617,199.1703,168.0431
SM(d20:4/13:0)+C2H3O2,741.5189,667.4774,213.186,168.0431
SM(d20:4/14:0)+C2H3O2,755.5345,681.493,227.2016,168.0431
SM(d20:4/14:1)+C2H3O2,753.5189,679.4774,225.186,168.0431
SM(d20:4/15:0)+C2H3O2,769.5502,695.5087,241.2173,168.0431
SM(d20:4/15:1)+C2H3O2,767.5345,693.493,239.2016,168.0431
SM(d20:4/16:0)+C2H3O2,783.5658,709.5243,255.2329,168.0431
SM(d20:4/16:1)+C2H3O2,781.5502,707.5087,253.2173,168.0431
SM(d20:4/17:0)+C2H3O2,797.5815,723.54,269.2486,168.0431
SM(d20:4/17:1)+C2H3O2,795.5658,721.5243,267.2329,168.0431
SM(d20:4/17:2)+C2H3O2,793.5502,719.5087,265.2173,168.0431
SM(d20:4/18:0)+C2H3O2,811.5971,737.5556,283.2642,168.0431
SM(d20:4/18:1)+C2H3O2,809.5815,735.54,281.2486,168.0431
SM(d20:4/18:2)+C2H3O2,807.5658,733.5243,279.2329,168.0431
SM(d20:4/18:3)+C2H3O2,805.5502,731.5087,277.2173,168.0431
SM(d20:4/18:4)+C2H3O2,803.5345,729.493,275.2016,168.0431
SM(d20:4/19:0)+C2H3O2,825.6128,751.5713,297.2799,168.0431
SM(d20:4/20:0)+C2H3O2,839.6284,765.5869,311.2955,168.0431
SM(d20:4/20:1)+C2H3O2,837.6128,763.5713,309.2799,168.0431
SM(d20:4/20:2)+C2H3O2,835.5971,761.5556,307.2642,168.0431
SM(d20:4/20:3)+C2H3O2,833.5815,759.54,305.2486,168.0431
SM(d20:4/20:4)+C2H3O2,831.5658,757.5243,303.2329,168.0431
SM(d20:4/20:5)+C2H3O2,829.5502,755.5087,301.2173,168.0431
SM(d20:4/21:0)+C2H3O2,853.6441,779.6026,325.3112,168.0431
SM(d20:4/22:0)+C2H3O2,867.6597,793.6182,339.3268,168.0431
SM(d20:4/22:1)+C2H3O2,865.6441,791.6026,337.3112,168.0431
SM(d20:4/22:2)+C2H3O2,863.6284,789.5869,335.2955,168.0431
SM(d20:4/22:3)+C2H3O2,861.6128,787.5713,333.2799,168.0431
SM(d20:4/22:4)+C2H3O2,859.5971,785.5556,331.2642,168.0431
SM(d20:4/22:5)+C2H3O2,857.5815,783.54,329.2486,168.0431
SM(d20:4/22:6)+C2H3O2,855.5658,781.5243,327.2329,168.0431
SM(d20:4/23:0)+C2H3O2,881.6754,807.6339,353.3425,168.0431
SM(d20:4/24:0)+C2H3O2,895.691,821.6495,367.3581,168.0431
SM(d20:4/24:1)+C2H3O2,893.6754,819.6339,365.3425,168.0431
SM(d20:4/25:0)+C2H3O2,909.7067,835.6652,381.3738,168.0431
SM(d20:4/26:0)+C2H3O2,923.7223,849.6808,395.3894,168.0431
SM(d20:4/8:0)+C2H3O2,671.4406,597.3991,143.1077,168.0431
SM(d20:5/10:0)+C2H3O2,697.4563,623.4148,171.139,168.0431
SM(d20:5/12:0)+C2H3O2,725.4876,651.4461,199.1703,168.0431
SM(d20:5/13:0)+C2H3O2,739.5033,665.4618,213.186,168.0431
SM(d20:5/14:0)+C2H3O2,753.5189,679.4774,227.2016,168.0431
SM(d20:5/14:1)+C2H3O2,751.5033,677.4618,225.186,168.0431
SM(d20:5/15:0)+C2H3O2,767.5346,693.4931,241.2173,168.0431
SM(d20:5/15:1)+C2H3O2,765.5189,691.4774,239.2016,168.0431
SM(d20:5/16:0)+C2H3O2,781.5502,707.5087,255.2329,168.0431
SM(d20:5/16:1)+C2H3O2,779.5346,705.4931,253.2173,168.0431
SM(d20:5/17:0)+C2H3O2,795.5659,721.5244,269.2486,168.0431
SM(d20:5/17:1)+C2H3O2,793.5502,719.5087,267.2329,168.0431
SM(d20:5/17:2)+C2H3O2,791.5346,717.4931,265.2173,168.0431
SM(d20:5/18:0)+C2H3O2,809.5815,735.54,283.2642,168.0431
SM(d20:5/18:1)+C2H3O2,807.5659,733.5244,281.2486,168.0431
SM(d20:5/18:2)+C2H3O2,805.5502,731.5087,279.2329,168.0431
SM(d20:5/18:3)+C2H3O2,803.5346,729.4931,277.2173,168.0431
SM(d20:5/18:4)+C2H3O2,801.5189,727.4774,275.2016,168.0431
SM(d20:5/19:0)+C2H3O2,823.5972,749.5557,297.2799,168.0431
SM(d20:5/20:0)+C2H3O2,837.6128,763.5713,311.2955,168.0431
SM(d20:5/20:1)+C2H3O2,835.5972,761.5557,309.2799,168.0431
SM(d20:5/20:2)+C2H3O2,833.5815,759.54,307.2642,168.0431
SM(d20:5/20:3)+C2H3O2,831.5659,757.5244,305.2486,168.0431
SM(d20:5/20:4)+C2H3O2,829.5502,755.5087,303.2329,168.0431
SM(d20:5/20:5)+C2H3O2,827.5346,753.4931,301.2173,168.0431
SM(d20:5/21:0)+C2H3O2,851.6285,777.587,325.3112,168.0431
SM(d20:5/22:0)+C2H3O2,865.6441,791.6026,339.3268,168.0431
SM(d20:5/22:1)+C2H3O2,863.6285,789.587,337.3112,168.0431
SM(d20:5/22:2)+C2H3O2,861.6128,787.5713,335.2955,168.0431
SM(d20:5/22:3)+C2H3O2,859.5972,785.5557,333.2799,168.0431
SM(d20:5/22:4)+C2H3O2,857.5815,783.54,331.2642,168.0431
SM(d20:5/22:5)+C2H3O2,855.5659,781.5244,329.2486,168.0431
SM(d20:5/22:6)+C2H3O2,853.5502,779.5087,327.2329,168.0431
SM(d20:5/23:0)+C2H3O2,879.6598,805.6183,353.3425,168.0431
SM(d20:5/24:0)+C2H3O2,893.6754,819.6339,367.3581,168.0431
SM(d20:5/24:1)+C2H3O2,891.6598,817.6183,365.3425,168.0431
SM(d20:5/25:0)+C2H3O2,907.6911,833.6496,381.3738,168.0431
SM(d20:5/26:0)+C2H3O2,921.7067,847.6652,395.3894,168.0431
SM(d20:5/8:0)+C2H3O2,669.425,595.3835,143.1077,168.0431
SM(d21:0/10:0)+C2H3O2,721.5502,647.5087,171.139,168.0431
SM(d21:0/12:0)+C2H3O2,749.5815,675.54,199.1703,168.0431
SM(d21:0/13:0)+C2H3O2,763.5972,689.5557,213.186,168.0431
SM(d21:0/14:0)+C2H3O2,777.6128,703.5713,227.2016,168.0431
SM(d21:0/14:1)+C2H3O2,775.5972,701.5557,225.186,168.0431
SM(d21:0/15:0)+C2H3O2,791.6285,717.587,241.2173,168.0431
SM(d21:0/15:1)+C2H3O2,789.6128,715.5713,239.2016,168.0431
SM(d21:0/16:0)+C2H3O2,805.6441,731.6026,255.2329,168.0431
SM(d21:0/16:1)+C2H3O2,803.6285,729.587,253.2173,168.0431
SM(d21:0/17:0)+C2H3O2,819.6598,745.6183,269.2486,168.0431
SM(d21:0/17:1)+C2H3O2,817.6441,743.6026,267.2329,168.0431
SM(d21:0/17:2)+C2H3O2,815.6285,741.587,265.2173,168.0431
SM(d21:0/18:0)+C2H3O2,833.6754,759.6339,283.2642,168.0431
SM(d21:0/18:1)+C2H3O2,831.6598,757.6183,281.2486,168.0431
SM(d21:0/18:2)+C2H3O2,829.6441,755.6026,279.2329,168.0431
SM(d21:0/18:3)+C2H3O2,827.6285,753.587,277.2173,168.0431
SM(d21:0/18:4)+C2H3O2,825.6128,751.5713,275.2016,168.0431
SM(d21:0/19:0)+C2H3O2,847.6911,773.6496,297.2799,168.0431
SM(d21:0/20:0)+C2H3O2,861.7067,787.6652,311.2955,168.0431
SM(d21:0/20:1)+C2H3O2,859.6911,785.6496,309.2799,168.0431
SM(d21:0/20:2)+C2H3O2,857.6754,783.6339,307.2642,168.0431
SM(d21:0/20:3)+C2H3O2,855.6598,781.6183,305.2486,168.0431
SM(d21:0/20:4)+C2H3O2,853.6441,779.6026,303.2329,168.0431
SM(d21:0/20:5)+C2H3O2,851.6285,777.587,301.2173,168.0431
SM(d21:0/21:0)+C2H3O2,875.7224,801.6809,325.3112,168.0431
SM(d21:0/22:0)+C2H3O2,889.738,815.6965,339.3268,168.0431
SM(d21:0/22:1)+C2H3O2,887.7224,813.6809,337.3112,168.0431
SM(d21:0/22:2)+C2H3O2,885.7067,811.6652,335.2955,168.0431
SM(d21:0/22:3)+C2H3O2,883.6911,809.6496,333.2799,168.0431
SM(d21:0/22:4)+C2H3O2,881.6754,807.6339,331.2642,168.0431
SM(d21:0/22:5)+C2H3O2,879.6598,805.6183,329.2486,168.0431
SM(d21:0/22:6)+C2H3O2,877.6441,803.6026,327.2329,168.0431
SM(d21:0/23:0)+C2H3O2,903.7537,829.7122,353.3425,168.0431
SM(d21:0/24:0)+C2H3O2,917.7693,843.7278,367.3581,168.0431
SM(d21:0/24:1)+C2H3O2,915.7537,841.7122,365.3425,168.0431
SM(d21:0/25:0)+C2H3O2,931.785,857.7435,381.3738,168.0431
SM(d21:0/26:0)+C2H3O2,945.8006,871.7591,395.3894,168.0431
SM(d21:0/8:0)+C2H3O2,693.5189,619.4774,143.1077,168.0431
SM(d22:0/10:0)+C2H3O2,735.5658,661.5243,171.139,168.0431
SM(d22:0/12:0)+C2H3O2,763.5971,689.5556,199.1703,168.0431
SM(d22:0/13:0)+C2H3O2,777.6128,703.5713,213.186,168.0431
SM(d22:0/14:0)+C2H3O2,791.6284,717.5869,227.2016,168.0431
SM(d22:0/14:1)+C2H3O2,789.6128,715.5713,225.186,168.0431
SM(d22:0/15:0)+C2H3O2,805.6441,731.6026,241.2173,168.0431
SM(d22:0/15:1)+C2H3O2,803.6284,729.5869,239.2016,168.0431
SM(d22:0/16:0)+C2H3O2,819.6597,745.6182,255.2329,168.0431
SM(d22:0/16:1)+C2H3O2,817.6441,743.6026,253.2173,168.0431
SM(d22:0/17:0)+C2H3O2,833.6754,759.6339,269.2486,168.0431
SM(d22:0/17:1)+C2H3O2,831.6597,757.6182,267.2329,168.0431
SM(d22:0/17:2)+C2H3O2,829.6441,755.6026,265.2173,168.0431
SM(d22:0/18:0)+C2H3O2,847.691,773.6495,283.2642,168.0431
SM(d22:0/18:1)+C2H3O2,845.6754,771.6339,281.2486,168.0431
SM(d22:0/18:2)+C2H3O2,843.6597,769.6182,279.2329,168.0431
SM(d22:0/18:3)+C2H3O2,841.6441,767.6026,277.2173,168.0431
SM(d22:0/18:4)+C2H3O2,839.6284,765.5869,275.2016,168.0431
SM(d22:0/19:0)+C2H3O2,861.7067,787.6652,297.2799,168.0431
SM(d22:0/20:0)+C2H3O2,875.7223,801.6808,311.2955,168.0431
SM(d22:0/20:1)+C2H3O2,873.7067,799.6652,309.2799,168.0431
SM(d22:0/20:2)+C2H3O2,871.691,797.6495,307.2642,168.0431
SM(d22:0/20:3)+C2H3O2,869.6754,795.6339,305.2486,168.0431
SM(d22:0/20:4)+C2H3O2,867.6597,793.6182,303.2329,168.0431
SM(d22:0/20:5)+C2H3O2,865.6441,791.6026,301.2173,168.0431
SM(d22:0/21:0)+C2H3O2,889.738,815.6965,325.3112,168.0431
SM(d22:0/22:0)+C2H3O2,903.7536,829.7121,339.3268,168.0431
SM(d22:0/22:1)+C2H3O2,901.738,827.6965,337.3112,168.0431
SM(d22:0/22:2)+C2H3O2,899.7223,825.6808,335.2955,168.0431
SM(d22:0/22:3)+C2H3O2,897.7067,823.6652,333.2799,168.0431
SM(d22:0/22:4)+C2H3O2,895.691,821.6495,331.2642,168.0431
SM(d22:0/22:5)+C2H3O2,893.6754,819.6339,329.2486,168.0431
SM(d22:0/22:6)+C2H3O2,891.6597,817.6182,327.2329,168.0431
SM(d22:0/23:0)+C2H3O2,917.7693,843.7278,353.3425,168.0431
SM(d22:0/24:0)+C2H3O2,931.7849,857.7434,367.3581,168.0431
SM(d22:0/24:1)+C2H3O2,929.7693,855.7278,365.3425,168.0431
SM(d22:0/25:0)+C2H3O2,945.8006,871.7591,381.3738,168.0431
SM(d22:0/26:0)+C2H3O2,959.8162,885.7747,395.3894,168.0431
SM(d22:0/8:0)+C2H3O2,707.5345,633.493,143.1077,168.0431
SM(d22:1/10:0)+C2H3O2,733.5502,659.5087,171.139,168.0431
SM(d22:1/12:0)+C2H3O2,761.5815,687.54,199.1703,168.0431
SM(d22:1/13:0)+C2H3O2,775.5972,701.5557,213.186,168.0431
SM(d22:1/14:0)+C2H3O2,789.6128,715.5713,227.2016,168.0431
SM(d22:1/14:1)+C2H3O2,787.5972,713.5557,225.186,168.0431
SM(d22:1/15:0)+C2H3O2,803.6285,729.587,241.2173,168.0431
SM(d22:1/15:1)+C2H3O2,801.6128,727.5713,239.2016,168.0431
SM(d22:1/16:0)+C2H3O2,817.6441,743.6026,255.2329,168.0431
SM(d22:1/16:1)+C2H3O2,815.6285,741.587,253.2173,168.0431
SM(d22:1/17:0)+C2H3O2,831.6598,757.6183,269.2486,168.0431
SM(d22:1/17:1)+C2H3O2,829.6441,755.6026,267.2329,168.0431
SM(d22:1/17:2)+C2H3O2,827.6285,753.587,265.2173,168.0431
SM(d22:1/18:0)+C2H3O2,845.6754,771.6339,283.2642,168.0431
SM(d22:1/18:1)+C2H3O2,843.6598,769.6183,281.2486,168.0431
SM(d22:1/18:2)+C2H3O2,841.6441,767.6026,279.2329,168.0431
SM(d22:1/18:3)+C2H3O2,839.6285,765.587,277.2173,168.0431
SM(d22:1/18:4)+C2H3O2,837.6128,763.5713,275.2016,168.0431
SM(d22:1/19:0)+C2H3O2,859.6911,785.6496,297.2799,168.0431
SM(d22:1/20:0)+C2H3O2,873.7067,799.6652,311.2955,168.0431
SM(d22:1/20:1)+C2H3O2,871.6911,797.6496,309.2799,168.0431
SM(d22:1/20:2)+C2H3O2,869.6754,795.6339,307.2642,168.0431
SM(d22:1/20:3)+C2H3O2,867.6598,793.6183,305.2486,168.0431
SM(d22:1/20:4)+C2H3O2,865.6441,791.6026,303.2329,168.0431
SM(d22:1/20:5)+C2H3O2,863.6285,789.587,301.2173,168.0431
SM(d22:1/21:0)+C2H3O2,887.7224,813.6809,325.3112,168.0431
SM(d22:1/22:0)+C2H3O2,901.738,827.6965,339.3268,168.0431
SM(d22:1/22:1)+C2H3O2,899.7224,825.6809,337.3112,168.0431
SM(d22:1/22:2)+C2H3O2,897.7067,823.6652,335.2955,168.0431
SM(d22:1/22:3)+C2H3O2,895.6911,821.6496,333.2799,168.0431
SM(d22:1/22:4)+C2H3O2,893.6754,819.6339,331.2642,168.0431
SM(d22:1/22:5)+C2H3O2,891.6598,817.6183,329.2486,168.0431
SM(d22:1/22:6)+C2H3O2,889.6441,815.6026,327.2329,168.0431
SM(d22:1/23:0)+C2H3O2,915.7537,841.7122,353.3425,168.0431
SM(d22:1/24:0)+C2H3O2,929.7693,855.7278,367.3581,168.0431
SM(d22:1/24:1)+C2H3O2,927.7537,853.7122,365.3425,168.0431
SM(d22:1/25:0)+C2H3O2,943.785,869.7435,381.3738,168.0431
SM(d22:1/26:0)+C2H3O2,957.8006,883.7591,395.3894,168.0431
SM(d22:1/8:0)+C2H3O2,705.5189,631.4774,143.1077,168.0431
SM(d22:2/10:0)+C2H3O2,731.5345,657.493,171.139,168.0431
SM(d22:2/12:0)+C2H3O2,759.5658,685.5243,199.1703,168.0431
SM(d22:2/13:0)+C2H3O2,773.5815,699.54,213.186,168.0431
SM(d22:2/14:0)+C2H3O2,787.5971,713.5556,227.2016,168.0431
SM(d22:2/14:1)+C2H3O2,785.5815,711.54,225.186,168.0431
SM(d22:2/15:0)+C2H3O2,801.6128,727.5713,241.2173,168.0431
SM(d22:2/15:1)+C2H3O2,799.5971,725.5556,239.2016,168.0431
SM(d22:2/16:0)+C2H3O2,815.6284,741.5869,255.2329,168.0431
SM(d22:2/16:1)+C2H3O2,813.6128,739.5713,253.2173,168.0431
SM(d22:2/17:0)+C2H3O2,829.6441,755.6026,269.2486,168.0431
SM(d22:2/17:1)+C2H3O2,827.6284,753.5869,267.2329,168.0431
SM(d22:2/17:2)+C2H3O2,825.6128,751.5713,265.2173,168.0431
SM(d22:2/18:0)+C2H3O2,843.6597,769.6182,283.2642,168.0431
SM(d22:2/18:1)+C2H3O2,841.6441,767.6026,281.2486,168.0431
SM(d22:2/18:2)+C2H3O2,839.6284,765.5869,279.2329,168.0431
SM(d22:2/18:3)+C2H3O2,837.6128,763.5713,277.2173,168.0431
SM(d22:2/18:4)+C2H3O2,835.5971,761.5556,275.2016,168.0431
SM(d22:2/19:0)+C2H3O2,857.6754,783.6339,297.2799,168.0431
SM(d22:2/20:0)+C2H3O2,871.691,797.6495,311.2955,168.0431
SM(d22:2/20:1)+C2H3O2,869.6754,795.6339,309.2799,168.0431
SM(d22:2/20:2)+C2H3O2,867.6597,793.6182,307.2642,168.0431
SM(d22:2/20:3)+C2H3O2,865.6441,791.6026,305.2486,168.0431
SM(d22:2/20:4)+C2H3O2,863.6284,789.5869,303.2329,168.0431
SM(d22:2/20:5)+C2H3O2,861.6128,787.5713,301.2173,168.0431
SM(d22:2/21:0)+C2H3O2,885.7067,811.6652,325.3112,168.0431
SM(d22:2/22:0)+C2H3O2,899.7223,825.6808,339.3268,168.0431
SM(d22:2/22:1)+C2H3O2,897.7067,823.6652,337.3112,168.0431
SM(d22:2/22:2)+C2H3O2,895.691,821.6495,335.2955,168.0431
SM(d22:2/22:3)+C2H3O2,893.6754,819.6339,333.2799,168.0431
SM(d22:2/22:4)+C2H3O2,891.6597,817.6182,331.2642,168.0431
SM(d22:2/22:5)+C2H3O2,889.6441,815.6026,329.2486,168.0431
SM(d22:2/22:6)+C2H3O2,887.6284,813.5869,327.2329,168.0431
SM(d22:2/23:0)+C2H3O2,913.738,839.6965,353.3425,168.0431
SM(d22:2/24:0)+C2H3O2,927.7536,853.7121,367.3581,168.0431
SM(d22:2/24:1)+C2H3O2,925.738,851.6965,365.3425,168.0431
SM(d22:2/25:0)+C2H3O2,941.7693,867.7278,381.3738,168.0431
SM(d22:2/26:0)+C2H3O2,955.7849,881.7434,395.3894,168.0431
SM(d22:2/8:0)+C2H3O2,703.5032,629.4617,143.1077,168.0431
SM(d22:3/10:0)+C2H3O2,729.5189,655.4774,171.139,168.0431
SM(d22:3/12:0)+C2H3O2,757.5502,683.5087,199.1703,168.0431
SM(d22:3/13:0)+C2H3O2,771.5659,697.5244,213.186,168.0431
SM(d22:3/14:0)+C2H3O2,785.5815,711.54,227.2016,168.0431
SM(d22:3/14:1)+C2H3O2,783.5659,709.5244,225.186,168.0431
SM(d22:3/15:0)+C2H3O2,799.5972,725.5557,241.2173,168.0431
SM(d22:3/15:1)+C2H3O2,797.5815,723.54,239.2016,168.0431
SM(d22:3/16:0)+C2H3O2,813.6128,739.5713,255.2329,168.0431
SM(d22:3/16:1)+C2H3O2,811.5972,737.5557,253.2173,168.0431
SM(d22:3/17:0)+C2H3O2,827.6285,753.587,269.2486,168.0431
SM(d22:3/17:1)+C2H3O2,825.6128,751.5713,267.2329,168.0431
SM(d22:3/17:2)+C2H3O2,823.5972,749.5557,265.2173,168.0431
SM(d22:3/18:0)+C2H3O2,841.6441,767.6026,283.2642,168.0431
SM(d22:3/18:1)+C2H3O2,839.6285,765.587,281.2486,168.0431
SM(d22:3/18:2)+C2H3O2,837.6128,763.5713,279.2329,168.0431
SM(d22:3/18:3)+C2H3O2,835.5972,761.5557,277.2173,168.0431
SM(d22:3/18:4)+C2H3O2,833.5815,759.54,275.2016,168.0431
SM(d22:3/19:0)+C2H3O2,855.6598,781.6183,297.2799,168.0431
SM(d22:3/20:0)+C2H3O2,869.6754,795.6339,311.2955,168.0431
SM(d22:3/20:1)+C2H3O2,867.6598,793.6183,309.2799,168.0431
SM(d22:3/20:2)+C2H3O2,865.6441,791.6026,307.2642,168.0431
SM(d22:3/20:3)+C2H3O2,863.6285,789.587,305.2486,168.0431
SM(d22:3/20:4)+C2H3O2,861.6128,787.5713,303.2329,168.0431
SM(d22:3/20:5)+C2H3O2,859.5972,785.5557,301.2173,168.0431
SM(d22:3/21:0)+C2H3O2,883.6911,809.6496,325.3112,168.0431
SM(d22:3/22:0)+C2H3O2,897.7067,823.6652,339.3268,168.0431
SM(d22:3/22:1)+C2H3O2,895.6911,821.6496,337.3112,168.0431
SM(d22:3/22:2)+C2H3O2,893.6754,819.6339,335.2955,168.0431
SM(d22:3/22:3)+C2H3O2,891.6598,817.6183,333.2799,168.0431
SM(d22:3/22:4)+C2H3O2,889.6441,815.6026,331.2642,168.0431
SM(d22:3/22:5)+C2H3O2,887.6285,813.587,329.2486,168.0431
SM(d22:3/22:6)+C2H3O2,885.6128,811.5713,327.2329,168.0431
SM(d22:3/23:0)+C2H3O2,911.7224,837.6809,353.3425,168.0431
SM(d22:3/24:0)+C2H3O2,925.738,851.6965,367.3581,168.0431
SM(d22:3/24:1)+C2H3O2,923.7224,849.6809,365.3425,168.0431
SM(d22:3/25:0)+C2H3O2,939.7537,865.7122,381.3738,168.0431
SM(d22:3/26:0)+C2H3O2,953.7693,879.7278,395.3894,168.0431
SM(d22:3/8:0)+C2H3O2,701.4876,627.4461,143.1077,168.0431
SM(d22:4/10:0)+C2H3O2,727.5032,653.4617,171.139,168.0431
SM(d22:4/12:0)+C2H3O2,755.5345,681.493,199.1703,168.0431
SM(d22:4/13:0)+C2H3O2,769.5502,695.5087,213.186,168.0431
SM(d22:4/14:0)+C2H3O2,783.5658,709.5243,227.2016,168.0431
SM(d22:4/14:1)+C2H3O2,781.5502,707.5087,225.186,168.0431
SM(d22:4/15:0)+C2H3O2,797.5815,723.54,241.2173,168.0431
SM(d22:4/15:1)+C2H3O2,795.5658,721.5243,239.2016,168.0431
SM(d22:4/16:0)+C2H3O2,811.5971,737.5556,255.2329,168.0431
SM(d22:4/16:1)+C2H3O2,809.5815,735.54,253.2173,168.0431
SM(d22:4/17:0)+C2H3O2,825.6128,751.5713,269.2486,168.0431
SM(d22:4/17:1)+C2H3O2,823.5971,749.5556,267.2329,168.0431
SM(d22:4/17:2)+C2H3O2,821.5815,747.54,265.2173,168.0431
SM(d22:4/18:0)+C2H3O2,839.6284,765.5869,283.2642,168.0431
SM(d22:4/18:1)+C2H3O2,837.6128,763.5713,281.2486,168.0431
SM(d22:4/18:2)+C2H3O2,835.5971,761.5556,279.2329,168.0431
SM(d22:4/18:3)+C2H3O2,833.5815,759.54,277.2173,168.0431
SM(d22:4/18:4)+C2H3O2,831.5658,757.5243,275.2016,168.0431
SM(d22:4/19:0)+C2H3O2,853.6441,779.6026,297.2799,168.0431
SM(d22:4/20:0)+C2H3O2,867.6597,793.6182,311.2955,168.0431
SM(d22:4/20:1)+C2H3O2,865.6441,791.6026,309.2799,168.0431
SM(d22:4/20:2)+C2H3O2,863.6284,789.5869,307.2642,168.0431
SM(d22:4/20:3)+C2H3O2,861.6128,787.5713,305.2486,168.0431
SM(d22:4/20:4)+C2H3O2,859.5971,785.5556,303.2329,168.0431
SM(d22:4/20:5)+C2H3O2,857.5815,783.54,301.2173,168.0431
SM(d22:4/21:0)+C2H3O2,881.6754,807.6339,325.3112,168.0431
SM(d22:4/22:0)+C2H3O2,895.691,821.6495,339.3268,168.0431
SM(d22:4/22:1)+C2H3O2,893.6754,819.6339,337.3112,168.0431
SM(d22:4/22:2)+C2H3O2,891.6597,817.6182,335.2955,168.0431
SM(d22:4/22:3)+C2H3O2,889.6441,815.6026,333.2799,168.0431
SM(d22:4/22:4)+C2H3O2,887.6284,813.5869,331.2642,168.0431
SM(d22:4/22:5)+C2H3O2,885.6128,811.5713,329.2486,168.0431
SM(d22:4/22:6)+C2H3O2,883.5971,809.5556,327.2329,168.0431
SM(d22:4/23:0)+C2H3O2,909.7067,835.6652,353.3425,168.0431
SM(d22:4/24:0)+C2H3O2,923.7223,849.6808,367.3581,168.0431
SM(d22:4/24:1)+C2H3O2,921.7067,847.6652,365.3425,168.0431
SM(d22:4/25:0)+C2H3O2,937.738,863.6965,381.3738,168.0431
SM(d22:4/26:0)+C2H3O2,951.7536,877.7121,395.3894,168.0431
SM(d22:4/8:0)+C2H3O2,699.4719,625.4304,143.1077,168.0431
SM(d22:5/10:0)+C2H3O2,725.4876,651.4461,171.139,168.0431
SM(d22:5/12:0)+C2H3O2,753.5189,679.4774,199.1703,168.0431
SM(d22:5/13:0)+C2H3O2,767.5346,693.4931,213.186,168.0431
SM(d22:5/14:0)+C2H3O2,781.5502,707.5087,227.2016,168.0431
SM(d22:5/14:1)+C2H3O2,779.5346,705.4931,225.186,168.0431
SM(d22:5/15:0)+C2H3O2,795.5659,721.5244,241.2173,168.0431
SM(d22:5/15:1)+C2H3O2,793.5502,719.5087,239.2016,168.0431
SM(d22:5/16:0)+C2H3O2,809.5815,735.54,255.2329,168.0431
SM(d22:5/16:1)+C2H3O2,807.5659,733.5244,253.2173,168.0431
SM(d22:5/17:0)+C2H3O2,823.5972,749.5557,269.2486,168.0431
SM(d22:5/17:1)+C2H3O2,821.5815,747.54,267.2329,168.0431
SM(d22:5/17:2)+C2H3O2,819.5659,745.5244,265.2173,168.0431
SM(d22:5/18:0)+C2H3O2,837.6128,763.5713,283.2642,168.0431
SM(d22:5/18:1)+C2H3O2,835.5972,761.5557,281.2486,168.0431
SM(d22:5/18:2)+C2H3O2,833.5815,759.54,279.2329,168.0431
SM(d22:5/18:3)+C2H3O2,831.5659,757.5244,277.2173,168.0431
SM(d22:5/18:4)+C2H3O2,829.5502,755.5087,275.2016,168.0431
SM(d22:5/19:0)+C2H3O2,851.6285,777.587,297.2799,168.0431
SM(d22:5/20:0)+C2H3O2,865.6441,791.6026,311.2955,168.0431
SM(d22:5/20:1)+C2H3O2,863.6285,789.587,309.2799,168.0431
SM(d22:5/20:2)+C2H3O2,861.6128,787.5713,307.2642,168.0431
SM(d22:5/20:3)+C2H3O2,859.5972,785.5557,305.2486,168.0431
SM(d22:5/20:4)+C2H3O2,857.5815,783.54,303.2329,168.0431
SM(d22:5/20:5)+C2H3O2,855.5659,781.5244,301.2173,168.0431
SM(d22:5/21:0)+C2H3O2,879.6598,805.6183,325.3112,168.0431
SM(d22:5/22:0)+C2H3O2,893.6754,819.6339,339.3268,168.0431
SM(d22:5/22:1)+C2H3O2,891.6598,817.6183,337.3112,168.0431
SM(d22:5/22:2)+C2H3O2,889.6441,815.6026,335.2955,168.0431
SM(d22:5/22:3)+C2H3O2,887.6285,813.587,333.2799,168.0431
SM(d22:5/22:4)+C2H3O2,885.6128,811.5713,331.2642,168.0431
SM(d22:5/22:5)+C2H3O2,883.5972,809.5557,329.2486,168.0431
SM(d22:5/22:6)+C2H3O2,881.5815,807.54,327.2329,168.0431
SM(d22:5/23:0)+C2H3O2,907.6911,833.6496,353.3425,168.0431
SM(d22:5/24:0)+C2H3O2,921.7067,847.6652,367.3581,168.0431
SM(d22:5/24:1)+C2H3O2,919.6911,845.6496,365.3425,168.0431
SM(d22:5/25:0)+C2H3O2,935.7224,861.6809,381.3738,168.0431
SM(d22:5/26:0)+C2H3O2,949.738,875.6965,395.3894,168.0431
SM(d22:5/8:0)+C2H3O2,697.4563,623.4148,143.1077,168.0431
SM(d22:6/10:0)+C2H3O2,723.4719,649.4304,171.139,168.0431
SM(d22:6/12:0)+C2H3O2,751.5032,677.4617,199.1703,168.0431
SM(d22:6/13:0)+C2H3O2,765.5189,691.4774,213.186,168.0431
SM(d22:6/14:0)+C2H3O2,779.5345,705.493,227.2016,168.0431
SM(d22:6/14:1)+C2H3O2,777.5189,703.4774,225.186,168.0431
SM(d22:6/15:0)+C2H3O2,793.5502,719.5087,241.2173,168.0431
SM(d22:6/15:1)+C2H3O2,791.5345,717.493,239.2016,168.0431
SM(d22:6/16:0)+C2H3O2,807.5658,733.5243,255.2329,168.0431
SM(d22:6/16:1)+C2H3O2,805.5502,731.5087,253.2173,168.0431
SM(d22:6/17:0)+C2H3O2,821.5815,747.54,269.2486,168.0431
SM(d22:6/17:1)+C2H3O2,819.5658,745.5243,267.2329,168.0431
SM(d22:6/17:2)+C2H3O2,817.5502,743.5087,265.2173,168.0431
SM(d22:6/18:0)+C2H3O2,835.5971,761.5556,283.2642,168.0431
SM(d22:6/18:1)+C2H3O2,833.5815,759.54,281.2486,168.0431
SM(d22:6/18:2)+C2H3O2,831.5658,757.5243,279.2329,168.0431
SM(d22:6/18:3)+C2H3O2,829.5502,755.5087,277.2173,168.0431
SM(d22:6/18:4)+C2H3O2,827.5345,753.493,275.2016,168.0431
SM(d22:6/19:0)+C2H3O2,849.6128,775.5713,297.2799,168.0431
SM(d22:6/20:0)+C2H3O2,863.6284,789.5869,311.2955,168.0431
SM(d22:6/20:1)+C2H3O2,861.6128,787.5713,309.2799,168.0431
SM(d22:6/20:2)+C2H3O2,859.5971,785.5556,307.2642,168.0431
SM(d22:6/20:3)+C2H3O2,857.5815,783.54,305.2486,168.0431
SM(d22:6/20:4)+C2H3O2,855.5658,781.5243,303.2329,168.0431
SM(d22:6/20:5)+C2H3O2,853.5502,779.5087,301.2173,168.0431
SM(d22:6/21:0)+C2H3O2,877.6441,803.6026,325.3112,168.0431
SM(d22:6/22:0)+C2H3O2,891.6597,817.6182,339.3268,168.0431
SM(d22:6/22:1)+C2H3O2,889.6441,815.6026,337.3112,168.0431
SM(d22:6/22:2)+C2H3O2,887.6284,813.5869,335.2955,168.0431
SM(d22:6/22:3)+C2H3O2,885.6128,811.5713,333.2799,168.0431
SM(d22:6/22:4)+C2H3O2,883.5971,809.5556,331.2642,168.0431
SM(d22:6/22:5)+C2H3O2,881.5815,807.54,329.2486,168.0431
SM(d22:6/22:6)+C2H3O2,879.5658,805.5243,327.2329,168.0431
SM(d22:6/23:0)+C2H3O2,905.6754,831.6339,353.3425,168.0431
SM(d22:6/24:0)+C2H3O2,919.691,845.6495,367.3581,168.0431
SM(d22:6/24:1)+C2H3O2,917.6754,843.6339,365.3425,168.0431
SM(d22:6/25:0)+C2H3O2,933.7067,859.6652,381.3738,168.0431
SM(d22:6/26:0)+C2H3O2,947.7223,873.6808,395.3894,168.0431
SM(d22:6/8:0)+C2H3O2,695.4406,621.3991,143.1077,168.0431
SM(d23:0/10:0)+C2H3O2,749.5815,675.54,171.139,168.0431
SM(d23:0/12:0)+C2H3O2,777.6128,703.5713,199.1703,168.0431
SM(d23:0/13:0)+C2H3O2,791.6285,717.587,213.186,168.0431
SM(d23:0/14:0)+C2H3O2,805.6441,731.6026,227.2016,168.0431
SM(d23:0/14:1)+C2H3O2,803.6285,729.587,225.186,168.0431
SM(d23:0/15:0)+C2H3O2,819.6598,745.6183,241.2173,168.0431
SM(d23:0/15:1)+C2H3O2,817.6441,743.6026,239.2016,168.0431
SM(d23:0/16:0)+C2H3O2,833.6754,759.6339,255.2329,168.0431
SM(d23:0/16:1)+C2H3O2,831.6598,757.6183,253.2173,168.0431
SM(d23:0/17:0)+C2H3O2,847.6911,773.6496,269.2486,168.0431
SM(d23:0/17:1)+C2H3O2,845.6754,771.6339,267.2329,168.0431
SM(d23:0/17:2)+C2H3O2,843.6598,769.6183,265.2173,168.0431
SM(d23:0/18:0)+C2H3O2,861.7067,787.6652,283.2642,168.0431
SM(d23:0/18:1)+C2H3O2,859.6911,785.6496,281.2486,168.0431
SM(d23:0/18:2)+C2H3O2,857.6754,783.6339,279.2329,168.0431
SM(d23:0/18:3)+C2H3O2,855.6598,781.6183,277.2173,168.0431
SM(d23:0/18:4)+C2H3O2,853.6441,779.6026,275.2016,168.0431
SM(d23:0/19:0)+C2H3O2,875.7224,801.6809,297.2799,168.0431
SM(d23:0/20:0)+C2H3O2,889.738,815.6965,311.2955,168.0431
SM(d23:0/20:1)+C2H3O2,887.7224,813.6809,309.2799,168.0431
SM(d23:0/20:2)+C2H3O2,885.7067,811.6652,307.2642,168.0431
SM(d23:0/20:3)+C2H3O2,883.6911,809.6496,305.2486,168.0431
SM(d23:0/20:4)+C2H3O2,881.6754,807.6339,303.2329,168.0431
SM(d23:0/20:5)+C2H3O2,879.6598,805.6183,301.2173,168.0431
SM(d23:0/21:0)+C2H3O2,903.7537,829.7122,325.3112,168.0431
SM(d23:0/22:0)+C2H3O2,917.7693,843.7278,339.3268,168.0431
SM(d23:0/22:1)+C2H3O2,915.7537,841.7122,337.3112,168.0431
SM(d23:0/22:2)+C2H3O2,913.738,839.6965,335.2955,168.0431
SM(d23:0/22:3)+C2H3O2,911.7224,837.6809,333.2799,168.0431
SM(d23:0/22:4)+C2H3O2,909.7067,835.6652,331.2642,168.0431
SM(d23:0/22:5)+C2H3O2,907.6911,833.6496,329.2486,168.0431
SM(d23:0/22:6)+C2H3O2,905.6754,831.6339,327.2329,168.0431
SM(d23:0/23:0)+C2H3O2,931.785,857.7435,353.3425,168.0431
SM(d23:0/24:0)+C2H3O2,945.8006,871.7591,367.3581,168.0431
SM(d23:0/24:1)+C2H3O2,943.785,869.7435,365.3425,168.0431
SM(d23:0/25:0)+C2H3O2,959.8163,885.7748,381.3738,168.0431
SM(d23:0/26:0)+C2H3O2,973.8319,899.7904,395.3894,168.0431
SM(d23:0/8:0)+C2H3O2,721.5502,647.5087,143.1077,168.0431
SM(d24:0/10:0)+C2H3O2,763.5971,689.5556,171.139,168.0431
SM(d24:0/12:0)+C2H3O2,791.6284,717.5869,199.1703,168.0431
SM(d24:0/13:0)+C2H3O2,805.6441,731.6026,213.186,168.0431
SM(d24:0/14:0)+C2H3O2,819.6597,745.6182,227.2016,168.0431
SM(d24:0/14:1)+C2H3O2,817.6441,743.6026,225.186,168.0431
SM(d24:0/15:0)+C2H3O2,833.6754,759.6339,241.2173,168.0431
SM(d24:0/15:1)+C2H3O2,831.6597,757.6182,239.2016,168.0431
SM(d24:0/16:0)+C2H3O2,847.691,773.6495,255.2329,168.0431
SM(d24:0/16:1)+C2H3O2,845.6754,771.6339,253.2173,168.0431
SM(d24:0/17:0)+C2H3O2,861.7067,787.6652,269.2486,168.0431
SM(d24:0/17:1)+C2H3O2,859.691,785.6495,267.2329,168.0431
SM(d24:0/17:2)+C2H3O2,857.6754,783.6339,265.2173,168.0431
SM(d24:0/18:0)+C2H3O2,875.7223,801.6808,283.2642,168.0431
SM(d24:0/18:1)+C2H3O2,873.7067,799.6652,281.2486,168.0431
SM(d24:0/18:2)+C2H3O2,871.691,797.6495,279.2329,168.0431
SM(d24:0/18:3)+C2H3O2,869.6754,795.6339,277.2173,168.0431
SM(d24:0/18:4)+C2H3O2,867.6597,793.6182,275.2016,168.0431
SM(d24:0/19:0)+C2H3O2,889.738,815.6965,297.2799,168.0431
SM(d24:0/20:0)+C2H3O2,903.7536,829.7121,311.2955,168.0431
SM(d24:0/20:1)+C2H3O2,901.738,827.6965,309.2799,168.0431
SM(d24:0/20:2)+C2H3O2,899.7223,825.6808,307.2642,168.0431
SM(d24:0/20:3)+C2H3O2,897.7067,823.6652,305.2486,168.0431
SM(d24:0/20:4)+C2H3O2,895.691,821.6495,303.2329,168.0431
SM(d24:0/20:5)+C2H3O2,893.6754,819.6339,301.2173,168.0431
SM(d24:0/21:0)+C2H3O2,917.7693,843.7278,325.3112,168.0431
SM(d24:0/22:0)+C2H3O2,931.7849,857.7434,339.3268,168.0431
SM(d24:0/22:1)+C2H3O2,929.7693,855.7278,337.3112,168.0431
SM(d24:0/22:2)+C2H3O2,927.7536,853.7121,335.2955,168.0431
SM(d24:0/22:3)+C2H3O2,925.738,851.6965,333.2799,168.0431
SM(d24:0/22:4)+C2H3O2,923.7223,849.6808,331.2642,168.0431
SM(d24:0/22:5)+C2H3O2,921.7067,847.6652,329.2486,168.0431
SM(d24:0/22:6)+C2H3O2,919.691,845.6495,327.2329,168.0431
SM(d24:0/23:0)+C2H3O2,945.8006,871.7591,353.3425,168.0431
SM(d24:0/24:0)+C2H3O2,959.8162,885.7747,367.3581,168.0431
SM(d24:0/24:1)+C2H3O2,957.8006,883.7591,365.3425,168.0431
SM(d24:0/25:0)+C2H3O2,973.8319,899.7904,381.3738,168.0431
SM(d24:0/26:0)+C2H3O2,987.8475,913.806,395.3894,168.0431
SM(d24:0/8:0)+C2H3O2,735.5658,661.5243,143.1077,168.0431
SM(d24:1/10:0)+C2H3O2,761.5815,687.54,171.139,168.0431
SM(d24:1/12:0)+C2H3O2,789.6128,715.5713,199.1703,168.0431
SM(d24:1/13:0)+C2H3O2,803.6285,729.587,213.186,168.0431
SM(d24:1/14:0)+C2H3O2,817.6441,743.6026,227.2016,168.0431
SM(d24:1/14:1)+C2H3O2,815.6285,741.587,225.186,168.0431
SM(d24:1/15:0)+C2H3O2,831.6598,757.6183,241.2173,168.0431
SM(d24:1/15:1)+C2H3O2,829.6441,755.6026,239.2016,168.0431
SM(d24:1/16:0)+C2H3O2,845.6754,771.6339,255.2329,168.0431
SM(d24:1/16:1)+C2H3O2,843.6598,769.6183,253.2173,168.0431
SM(d24:1/17:0)+C2H3O2,859.6911,785.6496,269.2486,168.0431
SM(d24:1/17:1)+C2H3O2,857.6754,783.6339,267.2329,168.0431
SM(d24:1/17:2)+C2H3O2,855.6598,781.6183,265.2173,168.0431
SM(d24:1/18:0)+C2H3O2,873.7067,799.6652,283.2642,168.0431
SM(d24:1/18:1)+C2H3O2,871.6911,797.6496,281.2486,168.0431
SM(d24:1/18:2)+C2H3O2,869.6754,795.6339,279.2329,168.0431
SM(d24:1/18:3)+C2H3O2,867.6598,793.6183,277.2173,168.0431
SM(d24:1/18:4)+C2H3O2,865.6441,791.6026,275.2016,168.0431
SM(d24:1/19:0)+C2H3O2,887.7224,813.6809,297.2799,168.0431
SM(d24:1/20:0)+C2H3O2,901.738,827.6965,311.2955,168.0431
SM(d24:1/20:1)+C2H3O2,899.7224,825.6809,309.2799,168.0431
SM(d24:1/20:2)+C2H3O2,897.7067,823.6652,307.2642,168.0431
SM(d24:1/20:3)+C2H3O2,895.6911,821.6496,305.2486,168.0431
SM(d24:1/20:4)+C2H3O2,893.6754,819.6339,303.2329,168.0431
SM(d24:1/20:5)+C2H3O2,891.6598,817.6183,301.2173,168.0431
SM(d24:1/21:0)+C2H3O2,915.7537,841.7122,325.3112,168.0431
SM(d24:1/22:0)+C2H3O2,929.7693,855.7278,339.3268,168.0431
SM(d24:1/22:1)+C2H3O2,927.7537,853.7122,337.3112,168.0431
SM(d24:1/22:2)+C2H3O2,925.738,851.6965,335.2955,168.0431
SM(d24:1/22:3)+C2H3O2,923.7224,849.6809,333.2799,168.0431
SM(d24:1/22:4)+C2H3O2,921.7067,847.6652,331.2642,168.0431
SM(d24:1/22:5)+C2H3O2,919.6911,845.6496,329.2486,168.0431
SM(d24:1/22:6)+C2H3O2,917.6754,843.6339,327.2329,168.0431
SM(d24:1/23:0)+C2H3O2,943.785,869.7435,353.3425,168.0431
SM(d24:1/24:0)+C2H3O2,957.8006,883.7591,367.3581,168.0431
SM(d24:1/24:1)+C2H3O2,955.785,881.7435,365.3425,168.0431
SM(d24:1/25:0)+C2H3O2,971.8163,897.7748,381.3738,168.0431
SM(d24:1/26:0)+C2H3O2,985.8319,911.7904,395.3894,168.0431
SM(d24:1/8:0)+C2H3O2,733.5502,659.5087,143.1077,168.0431
SM(d25:0/10:0)+C2H3O2,777.6128,703.5713,171.139,168.0431
SM(d25:0/12:0)+C2H3O2,805.6441,731.6026,199.1703,168.0431
SM(d25:0/13:0)+C2H3O2,819.6598,745.6183,213.186,168.0431
SM(d25:0/14:0)+C2H3O2,833.6754,759.6339,227.2016,168.0431
SM(d25:0/14:1)+C2H3O2,831.6598,757.6183,225.186,168.0431
SM(d25:0/15:0)+C2H3O2,847.6911,773.6496,241.2173,168.0431
SM(d25:0/15:1)+C2H3O2,845.6754,771.6339,239.2016,168.0431
SM(d25:0/16:0)+C2H3O2,861.7067,787.6652,255.2329,168.0431
SM(d25:0/16:1)+C2H3O2,859.6911,785.6496,253.2173,168.0431
SM(d25:0/17:0)+C2H3O2,875.7224,801.6809,269.2486,168.0431
SM(d25:0/17:1)+C2H3O2,873.7067,799.6652,267.2329,168.0431
SM(d25:0/17:2)+C2H3O2,871.6911,797.6496,265.2173,168.0431
SM(d25:0/18:0)+C2H3O2,889.738,815.6965,283.2642,168.0431
SM(d25:0/18:1)+C2H3O2,887.7224,813.6809,281.2486,168.0431
SM(d25:0/18:2)+C2H3O2,885.7067,811.6652,279.2329,168.0431
SM(d25:0/18:3)+C2H3O2,883.6911,809.6496,277.2173,168.0431
SM(d25:0/18:4)+C2H3O2,881.6754,807.6339,275.2016,168.0431
SM(d25:0/19:0)+C2H3O2,903.7537,829.7122,297.2799,168.0431
SM(d25:0/20:0)+C2H3O2,917.7693,843.7278,311.2955,168.0431
SM(d25:0/20:1)+C2H3O2,915.7537,841.7122,309.2799,168.0431
SM(d25:0/20:2)+C2H3O2,913.738,839.6965,307.2642,168.0431
SM(d25:0/20:3)+C2H3O2,911.7224,837.6809,305.2486,168.0431
SM(d25:0/20:4)+C2H3O2,909.7067,835.6652,303.2329,168.0431
SM(d25:0/20:5)+C2H3O2,907.6911,833.6496,301.2173,168.0431
SM(d25:0/21:0)+C2H3O2,931.785,857.7435,325.3112,168.0431
SM(d25:0/22:0)+C2H3O2,945.8006,871.7591,339.3268,168.0431
SM(d25:0/22:1)+C2H3O2,943.785,869.7435,337.3112,168.0431
SM(d25:0/22:2)+C2H3O2,941.7693,867.7278,335.2955,168.0431
SM(d25:0/22:3)+C2H3O2,939.7537,865.7122,333.2799,168.0431
SM(d25:0/22:4)+C2H3O2,937.738,863.6965,331.2642,168.0431
SM(d25:0/22:5)+C2H3O2,935.7224,861.6809,329.2486,168.0431
SM(d25:0/22:6)+C2H3O2,933.7067,859.6652,327.2329,168.0431
SM(d25:0/23:0)+C2H3O2,959.8163,885.7748,353.3425,168.0431
SM(d25:0/24:0)+C2H3O2,973.8319,899.7904,367.3581,168.0431
SM(d25:0/24:1)+C2H3O2,971.8163,897.7748,365.3425,168.0431
SM(d25:0/25:0)+C2H3O2,987.8476,913.8061,381.3738,168.0431
SM(d25:0/26:0)+C2H3O2,1001.8632,927.8217,395.3894,168.0431
SM(d25:0/8:0)+C2H3O2,749.5815,675.54,143.1077,168.0431
SM(d26:0/10:0)+C2H3O2,791.6284,717.5869,171.139,168.0431
SM(d26:0/12:0)+C2H3O2,819.6597,745.6182,199.1703,168.0431
SM(d26:0/13:0)+C2H3O2,833.6754,759.6339,213.186,168.0431
SM(d26:0/14:0)+C2H3O2,847.691,773.6495,227.2016,168.0431
SM(d26:0/14:1)+C2H3O2,845.6754,771.6339,225.186,168.0431
SM(d26:0/15:0)+C2H3O2,861.7067,787.6652,241.2173,168.0431
SM(d26:0/15:1)+C2H3O2,859.691,785.6495,239.2016,168.0431
SM(d26:0/16:0)+C2H3O2,875.7223,801.6808,255.2329,168.0431
SM(d26:0/16:1)+C2H3O2,873.7067,799.6652,253.2173,168.0431
SM(d26:0/17:0)+C2H3O2,889.738,815.6965,269.2486,168.0431
SM(d26:0/17:1)+C2H3O2,887.7223,813.6808,267.2329,168.0431
SM(d26:0/17:2)+C2H3O2,885.7067,811.6652,265.2173,168.0431
SM(d26:0/18:0)+C2H3O2,903.7536,829.7121,283.2642,168.0431
SM(d26:0/18:1)+C2H3O2,901.738,827.6965,281.2486,168.0431
SM(d26:0/18:2)+C2H3O2,899.7223,825.6808,279.2329,168.0431
SM(d26:0/18:3)+C2H3O2,897.7067,823.6652,277.2173,168.0431
SM(d26:0/18:4)+C2H3O2,895.691,821.6495,275.2016,168.0431
SM(d26:0/19:0)+C2H3O2,917.7693,843.7278,297.2799,168.0431
SM(d26:0/20:0)+C2H3O2,931.7849,857.7434,311.2955,168.0431
SM(d26:0/20:1)+C2H3O2,929.7693,855.7278,309.2799,168.0431
SM(d26:0/20:2)+C2H3O2,927.7536,853.7121,307.2642,168.0431
SM(d26:0/20:3)+C2H3O2,925.738,851.6965,305.2486,168.0431
SM(d26:0/20:4)+C2H3O2,923.7223,849.6808,303.2329,168.0431
SM(d26:0/20:5)+C2H3O2,921.7067,847.6652,301.2173,168.0431
SM(d26:0/21:0)+C2H3O2,945.8006,871.7591,325.3112,168.0431
SM(d26:0/22:0)+C2H3O2,959.8162,885.7747,339.3268,168.0431
SM(d26:0/22:1)+C2H3O2,957.8006,883.7591,337.3112,168.0431
SM(d26:0/22:2)+C2H3O2,955.7849,881.7434,335.2955,168.0431
SM(d26:0/22:3)+C2H3O2,953.7693,879.7278,333.2799,168.0431
SM(d26:0/22:4)+C2H3O2,951.7536,877.7121,331.2642,168.0431
SM(d26:0/22:5)+C2H3O2,949.738,875.6965,329.2486,168.0431
SM(d26:0/22:6)+C2H3O2,947.7223,873.6808,327.2329,168.0431
SM(d26:0/23:0)+C2H3O2,973.8319,899.7904,353.3425,168.0431
SM(d26:0/24:0)+C2H3O2,987.8475,913.806,367.3581,168.0431
SM(d26:0/24:1)+C2H3O2,985.8319,911.7904,365.3425,168.0431
SM(d26:0/25:0)+C2H3O2,1001.8632,927.8217,381.3738,168.0431
SM(d26:0/26:0)+C2H3O2,1015.8788,941.8373,395.3894,168.0431
SM(d26:0/8:0)+C2H3O2,763.5971,689.5556,143.1077,168.0431
SM(d8:0/10:0)+C2H3O2,539.3467,465.3052,171.139,168.0431
SM(d8:0/12:0)+C2H3O2,567.378,493.3365,199.1703,168.0431
SM(d8:0/13:0)+C2H3O2,581.3937,507.3522,213.186,168.0431
SM(d8:0/14:0)+C2H3O2,595.4093,521.3678,227.2016,168.0431
SM(d8:0/14:1)+C2H3O2,593.3937,519.3522,225.186,168.0431
SM(d8:0/15:0)+C2H3O2,609.425,535.3835,241.2173,168.0431
SM(d8:0/15:1)+C2H3O2,607.4093,533.3678,239.2016,168.0431
SM(d8:0/16:0)+C2H3O2,623.4406,549.3991,255.2329,168.0431
SM(d8:0/16:1)+C2H3O2,621.425,547.3835,253.2173,168.0431
SM(d8:0/17:0)+C2H3O2,637.4563,563.4148,269.2486,168.0431
SM(d8:0/17:1)+C2H3O2,635.4406,561.3991,267.2329,168.0431
SM(d8:0/17:2)+C2H3O2,633.425,559.3835,265.2173,168.0431
SM(d8:0/18:0)+C2H3O2,651.4719,577.4304,283.2642,168.0431
SM(d8:0/18:1)+C2H3O2,649.4563,575.4148,281.2486,168.0431
SM(d8:0/18:2)+C2H3O2,647.4406,573.3991,279.2329,168.0431
SM(d8:0/18:3)+C2H3O2,645.425,571.3835,277.2173,168.0431
SM(d8:0/18:4)+C2H3O2,643.4093,569.3678,275.2016,168.0431
SM(d8:0/19:0)+C2H3O2,665.4876,591.4461,297.2799,168.0431
SM(d8:0/20:0)+C2H3O2,679.5032,605.4617,311.2955,168.0431
SM(d8:0/20:1)+C2H3O2,677.4876,603.4461,309.2799,168.0431
SM(d8:0/20:2)+C2H3O2,675.4719,601.4304,307.2642,168.0431
SM(d8:0/20:3)+C2H3O2,673.4563,599.4148,305.2486,168.0431
SM(d8:0/20:4)+C2H3O2,671.4406,597.3991,303.2329,168.0431
SM(d8:0/20:5)+C2H3O2,669.425,595.3835,301.2173,168.0431
SM(d8:0/21:0)+C2H3O2,693.5189,619.4774,325.3112,168.0431
SM(d8:0/22:0)+C2H3O2,707.5345,633.493,339.3268,168.0431
SM(d8:0/22:1)+C2H3O2,705.5189,631.4774,337.3112,168.0431
SM(d8:0/22:2)+C2H3O2,703.5032,629.4617,335.2955,168.0431
SM(d8:0/22:3)+C2H3O2,701.4876,627.4461,333.2799,168.0431
SM(d8:0/22:4)+C2H3O2,699.4719,625.4304,331.2642,168.0431
SM(d8:0/22:5)+C2H3O2,697.4563,623.4148,329.2486,168.0431
SM(d8:0/22:6)+C2H3O2,695.4406,621.3991,327.2329,168.0431
SM(d8:0/23:0)+C2H3O2,721.5502,647.5087,353.3425,168.0431
SM(d8:0/24:0)+C2H3O2,735.5658,661.5243,367.3581,168.0431
SM(d8:0/24:1)+C2H3O2,733.5502,659.5087,365.3425,168.0431
SM(d8:0/25:0)+C2H3O2,749.5815,675.54,381.3738,168.0431
SM(d8:0/26:0)+C2H3O2,763.5971,689.5556,395.3894,168.0431
SM(d8:0/8:0)+C2H3O2,511.3154,437.2739,143.1077,168.0431
